instance,rep,success,time,cycles
inst25x25_40_10.txt,1,1,5.71801,66
inst25x25_40_10.txt,2,1,0.953561,11
inst25x25_40_10.txt,3,1,0.936605,11
inst25x25_40_10.txt,4,1,1.95277,23
inst25x25_40_10.txt,5,1,9.29751,108
inst25x25_40_10.txt,6,1,1.02762,12
inst25x25_40_10.txt,7,1,2.43659,28
inst25x25_40_10.txt,8,1,3.98356,46
inst25x25_40_10.txt,9,1,0.340664,4
inst25x25_40_10.txt,10,1,3.01709,35
inst25x25_40_10.txt,11,1,1.54699,18
inst25x25_40_10.txt,12,1,0.681373,8
inst25x25_40_10.txt,13,1,0.686931,8
inst25x25_40_10.txt,14,1,1.81756,21
inst25x25_40_10.txt,15,1,9.50761,111
inst25x25_40_10.txt,16,1,1.21045,14
inst25x25_40_10.txt,17,1,3.04272,35
inst25x25_40_10.txt,18,1,2.25052,26
inst25x25_40_10.txt,19,1,2.75355,32
inst25x25_40_10.txt,20,1,4.01198,46
inst25x25_40_10.txt,21,1,2.77403,32
inst25x25_40_10.txt,22,1,2.42019,28
inst25x25_40_10.txt,23,1,1.55281,18
inst25x25_40_10.txt,24,1,10.4292,119
inst25x25_40_10.txt,25,1,7.32429,85
inst25x25_40_10.txt,26,1,0.690177,8
inst25x25_40_10.txt,27,1,4.1863,49
inst25x25_40_10.txt,28,1,0.778143,9
inst25x25_40_10.txt,29,1,2.21829,26
inst25x25_40_10.txt,30,1,8.81313,101
inst25x25_40_10.txt,31,1,4.56642,53
inst25x25_40_10.txt,32,1,3.71435,43
inst25x25_40_10.txt,33,1,20.3394,231
inst25x25_40_10.txt,34,1,4.03208,47
inst25x25_40_10.txt,35,1,2.32529,27
inst25x25_40_10.txt,36,1,3.72921,43
inst25x25_40_10.txt,37,1,4.33296,50
inst25x25_40_10.txt,38,1,4.15307,48
inst25x25_40_10.txt,39,1,7.80062,91
inst25x25_40_10.txt,40,1,3.50099,41
inst25x25_40_10.txt,41,1,2.06884,24
inst25x25_40_10.txt,42,1,2.55172,30
inst25x25_40_10.txt,43,1,1.03572,12
inst25x25_40_10.txt,44,1,3.46482,40
inst25x25_40_10.txt,45,1,0.343953,4
inst25x25_40_10.txt,46,1,1.28505,15
inst25x25_40_10.txt,47,1,2.50208,29
inst25x25_40_10.txt,48,1,0.944771,11
inst25x25_40_10.txt,49,1,1.20814,14
inst25x25_40_10.txt,50,1,4.8383,56
inst25x25_40_10.txt,51,1,1.37221,16
inst25x25_40_10.txt,52,1,1.95733,23
inst25x25_40_10.txt,53,1,1.01582,12
inst25x25_40_10.txt,54,1,2.24914,26
inst25x25_40_10.txt,55,1,0.517182,6
inst25x25_40_10.txt,56,1,2.05466,24
inst25x25_40_10.txt,57,1,7.36063,86
inst25x25_40_10.txt,58,1,1.81672,21
inst25x25_40_10.txt,59,1,4.08455,47
inst25x25_40_10.txt,60,1,2.0505,24
inst25x25_40_10.txt,61,1,11.1003,126
inst25x25_40_10.txt,62,1,2.14715,25
inst25x25_40_10.txt,63,1,1.37408,16
inst25x25_40_10.txt,64,1,2.82764,33
inst25x25_40_10.txt,65,1,0.944394,11
inst25x25_40_10.txt,66,1,2.51138,29
inst25x25_40_10.txt,67,1,0.601431,7
inst25x25_40_10.txt,68,1,1.20586,14
inst25x25_40_10.txt,69,1,2.75744,32
inst25x25_40_10.txt,70,1,5.79342,67
inst25x25_40_10.txt,71,1,4.7663,55
inst25x25_40_10.txt,72,1,0.68988,8
inst25x25_40_10.txt,73,1,4.8402,56
inst25x25_40_10.txt,74,1,3.91511,45
inst25x25_40_10.txt,75,1,5.71427,65
inst25x25_40_10.txt,76,1,25.7745,293
inst25x25_40_10.txt,77,1,5.06268,59
inst25x25_40_10.txt,78,1,1.99725,23
inst25x25_40_10.txt,79,1,3.09847,36
inst25x25_40_10.txt,80,1,8.33221,94
inst25x25_40_10.txt,81,1,0.764789,9
inst25x25_40_10.txt,82,1,1.89542,22
inst25x25_40_10.txt,83,1,4.0781,47
inst25x25_40_10.txt,84,1,1.97767,23
inst25x25_40_10.txt,85,1,2.82103,33
inst25x25_40_10.txt,86,1,1.28679,15
inst25x25_40_10.txt,87,1,1.47017,17
inst25x25_40_10.txt,88,1,1.1139,13
inst25x25_40_10.txt,89,1,3.34292,39
inst25x25_40_10.txt,90,1,2.73692,32
inst25x25_40_10.txt,91,1,1.3711,16
inst25x25_40_10.txt,92,1,3.97044,46
inst25x25_40_10.txt,93,1,2.05424,24
inst25x25_40_10.txt,94,1,0.858968,10
inst25x25_40_10.txt,95,1,0.947649,11
inst25x25_40_10.txt,96,1,7.26255,84
inst25x25_40_10.txt,97,1,3.11047,36
inst25x25_40_10.txt,98,1,11.121,126
inst25x25_40_10.txt,99,1,1.54174,18
inst25x25_40_10.txt,100,1,1.54671,18
inst25x25_40_30.txt,1,1,9.63064,110
inst25x25_40_30.txt,2,1,3.76606,43
inst25x25_40_30.txt,3,1,4.45187,51
inst25x25_40_30.txt,4,1,25.2549,284
inst25x25_40_30.txt,5,1,2.99095,34
inst25x25_40_30.txt,6,1,5.5261,63
inst25x25_40_30.txt,7,1,4.18413,48
inst25x25_40_30.txt,8,1,2.9425,34
inst25x25_40_30.txt,9,1,5.45754,62
inst25x25_40_30.txt,10,1,1.583,18
inst25x25_40_30.txt,11,1,9.52275,108
inst25x25_40_30.txt,12,1,2.44256,28
inst25x25_40_30.txt,13,1,3.04796,35
inst25x25_40_30.txt,14,1,2.26457,26
inst25x25_40_30.txt,15,1,3.68326,42
inst25x25_40_30.txt,16,1,5.97243,68
inst25x25_40_30.txt,17,1,2.09643,24
inst25x25_40_30.txt,18,1,4.53075,52
inst25x25_40_30.txt,19,1,30.1173,337
inst25x25_40_30.txt,20,1,0.872504,10
inst25x25_40_30.txt,21,1,1.60158,18
inst25x25_40_30.txt,22,1,2.97789,34
inst25x25_40_30.txt,23,1,2.16242,25
inst25x25_40_30.txt,24,1,6.28717,71
inst25x25_40_30.txt,25,1,1.83755,21
inst25x25_40_30.txt,26,1,2.27796,26
inst25x25_40_30.txt,27,1,1.1521,13
inst25x25_40_30.txt,28,1,6.55319,74
inst25x25_40_30.txt,29,1,4.9514,56
inst25x25_40_30.txt,30,1,2.70952,31
inst25x25_40_30.txt,31,1,17.3812,196
inst25x25_40_30.txt,32,1,0.872248,10
inst25x25_40_30.txt,33,1,10.2713,116
inst25x25_40_30.txt,34,1,7.04236,79
inst25x25_40_30.txt,35,1,5.01261,55
inst25x25_40_30.txt,36,1,3.57572,40
inst25x25_40_30.txt,37,1,1.68814,19
inst25x25_40_30.txt,38,1,1.85781,21
inst25x25_40_30.txt,39,1,3.22223,37
inst25x25_40_30.txt,40,1,5.22279,59
inst25x25_40_30.txt,41,1,1.6973,19
inst25x25_40_30.txt,42,1,3.03941,35
inst25x25_40_30.txt,43,1,2.64528,30
inst25x25_40_30.txt,44,1,3.77616,43
inst25x25_40_30.txt,45,1,34.2673,380
inst25x25_40_30.txt,46,1,2.10449,24
inst25x25_40_30.txt,47,1,1.81887,21
inst25x25_40_30.txt,48,1,6.40163,73
inst25x25_40_30.txt,49,1,11.1315,126
inst25x25_40_30.txt,50,1,4.17247,48
inst25x25_40_30.txt,51,1,3.59791,41
inst25x25_40_30.txt,52,1,4.84576,55
inst25x25_40_30.txt,53,1,21.1412,241
inst25x25_40_30.txt,54,1,0.436558,5
inst25x25_40_30.txt,55,1,4.65335,53
inst25x25_40_30.txt,56,1,2.28339,26
inst25x25_40_30.txt,57,1,5.27448,60
inst25x25_40_30.txt,58,1,1.93924,22
inst25x25_40_30.txt,59,1,0.700083,8
inst25x25_40_30.txt,60,1,5.39832,62
inst25x25_40_30.txt,61,1,2.27715,26
inst25x25_40_30.txt,62,1,39.2474,442
inst25x25_40_30.txt,63,1,13.5246,152
inst25x25_40_30.txt,64,1,1.91439,22
inst25x25_40_30.txt,65,1,1.48015,17
inst25x25_40_30.txt,66,1,7.28685,83
inst25x25_40_30.txt,67,1,5.13425,59
inst25x25_40_30.txt,68,1,1.57884,18
inst25x25_40_30.txt,69,1,0.529885,6
inst25x25_40_30.txt,70,1,4.21092,48
inst25x25_40_30.txt,71,1,0.608972,7
inst25x25_40_30.txt,72,1,1.9044,22
inst25x25_40_30.txt,73,1,3.66613,42
inst25x25_40_30.txt,74,1,4.61584,53
inst25x25_40_30.txt,75,1,9.16239,104
inst25x25_40_30.txt,76,1,5.66735,65
inst25x25_40_30.txt,77,1,8.7394,98
inst25x25_40_30.txt,78,1,1.99377,23
inst25x25_40_30.txt,79,1,2.35793,27
inst25x25_40_30.txt,80,1,3.53307,40
inst25x25_40_30.txt,81,1,5.58887,64
inst25x25_40_30.txt,82,1,0.697402,8
inst25x25_40_30.txt,83,1,1.55976,18
inst25x25_40_30.txt,84,1,5.65611,65
inst25x25_40_30.txt,85,1,3.06629,35
inst25x25_40_30.txt,86,1,1.91233,22
inst25x25_40_30.txt,87,1,2.18015,25
inst25x25_40_30.txt,88,1,23.9353,273
inst25x25_40_30.txt,89,1,2.0224,23
inst25x25_40_30.txt,90,1,2.68602,31
inst25x25_40_30.txt,91,1,1.30882,15
inst25x25_40_30.txt,92,1,2.18393,25
inst25x25_40_30.txt,93,1,9.20027,104
inst25x25_40_30.txt,94,0,125.248,1400
inst25x25_40_30.txt,95,1,1.32649,15
inst25x25_40_30.txt,96,1,8.23984,94
inst25x25_40_30.txt,97,1,0.967153,11
inst25x25_40_30.txt,98,1,3.40743,39
inst25x25_40_30.txt,99,1,1.93029,22
inst25x25_40_30.txt,100,1,3.12154,36
inst25x25_40_50.txt,1,1,3.19664,37
inst25x25_40_50.txt,2,1,5.68777,66
inst25x25_40_50.txt,3,1,8.98155,104
inst25x25_40_50.txt,4,1,1.90856,22
inst25x25_40_50.txt,5,1,2.41787,28
inst25x25_40_50.txt,6,1,7.39926,84
inst25x25_40_50.txt,7,1,5.63016,65
inst25x25_40_50.txt,8,1,5.73646,66
inst25x25_40_50.txt,9,1,11.228,129
inst25x25_40_50.txt,10,1,0.431842,5
inst25x25_40_50.txt,11,1,17.5115,199
inst25x25_40_50.txt,12,1,6.86732,78
inst25x25_40_50.txt,13,1,4.85517,55
inst25x25_40_50.txt,14,1,8.98567,103
inst25x25_40_50.txt,15,1,5.64389,65
inst25x25_40_50.txt,16,1,1.64156,19
inst25x25_40_50.txt,17,1,11.8267,136
inst25x25_40_50.txt,18,1,10.2005,118
inst25x25_40_50.txt,19,1,9.52643,109
inst25x25_40_50.txt,20,1,3.42634,39
inst25x25_40_50.txt,21,1,8.81767,101
inst25x25_40_50.txt,22,1,3.81195,44
inst25x25_40_50.txt,23,1,22.6388,259
inst25x25_40_50.txt,24,1,6.14867,70
inst25x25_40_50.txt,25,1,2.23188,26
inst25x25_40_50.txt,26,1,4.81371,55
inst25x25_40_50.txt,27,1,1.99793,23
inst25x25_40_50.txt,28,1,12.0656,140
inst25x25_40_50.txt,29,1,1.47007,17
inst25x25_40_50.txt,30,1,3.30636,38
inst25x25_40_50.txt,31,1,6.00711,69
inst25x25_40_50.txt,32,1,21.6053,247
inst25x25_40_50.txt,33,1,14.4779,165
inst25x25_40_50.txt,34,1,3.8526,44
inst25x25_40_50.txt,35,1,2.34654,27
inst25x25_40_50.txt,36,1,9.8431,113
inst25x25_40_50.txt,37,1,3.03587,35
inst25x25_40_50.txt,38,1,4.53243,52
inst25x25_40_50.txt,39,1,0.698818,8
inst25x25_40_50.txt,40,1,4.96808,57
inst25x25_40_50.txt,41,1,4.78081,55
inst25x25_40_50.txt,42,1,4.31211,50
inst25x25_40_50.txt,43,1,5.86527,67
inst25x25_40_50.txt,44,1,3.48322,40
inst25x25_40_50.txt,45,1,3.10942,36
inst25x25_40_50.txt,46,1,3.80166,44
inst25x25_40_50.txt,47,1,0.860223,10
inst25x25_40_50.txt,48,1,9.35076,106
inst25x25_40_50.txt,49,1,2.39688,28
inst25x25_40_50.txt,50,1,3.96817,46
inst25x25_40_50.txt,51,1,4.85079,56
inst25x25_40_50.txt,52,1,1.56426,18
inst25x25_40_50.txt,53,1,7.54601,87
inst25x25_40_50.txt,54,1,2.15388,25
inst25x25_40_50.txt,55,1,3.20805,37
inst25x25_40_50.txt,56,1,1.29438,15
inst25x25_40_50.txt,57,1,3.62265,42
inst25x25_40_50.txt,58,1,3.29325,38
inst25x25_40_50.txt,59,1,5.14155,59
inst25x25_40_50.txt,60,1,5.51438,63
inst25x25_40_50.txt,61,1,6.03344,70
inst25x25_40_50.txt,62,1,1.38846,16
inst25x25_40_50.txt,63,1,2.42542,28
inst25x25_40_50.txt,64,1,7.65107,87
inst25x25_40_50.txt,65,1,5.86073,67
inst25x25_40_50.txt,66,1,11.5646,133
inst25x25_40_50.txt,67,1,2.42274,28
inst25x25_40_50.txt,68,1,9.32813,106
inst25x25_40_50.txt,69,1,1.80999,21
inst25x25_40_50.txt,70,1,3.64453,42
inst25x25_40_50.txt,71,1,5.02157,58
inst25x25_40_50.txt,72,1,10.5782,120
inst25x25_40_50.txt,73,1,3.71677,43
inst25x25_40_50.txt,74,1,5.81017,66
inst25x25_40_50.txt,75,1,14.3148,162
inst25x25_40_50.txt,76,1,17.4987,198
inst25x25_40_50.txt,77,1,9.8177,113
inst25x25_40_50.txt,78,1,4.37902,51
inst25x25_40_50.txt,79,1,19.1433,216
inst25x25_40_50.txt,80,1,5.3598,62
inst25x25_40_50.txt,81,1,3.53815,41
inst25x25_40_50.txt,82,1,2.085,24
inst25x25_40_50.txt,83,1,25.5027,288
inst25x25_40_50.txt,84,1,3.40003,39
inst25x25_40_50.txt,85,1,3.1362,36
inst25x25_40_50.txt,86,1,15.4511,177
inst25x25_40_50.txt,87,1,3.23999,37
inst25x25_40_50.txt,88,1,2.45269,28
inst25x25_40_50.txt,89,1,1.03313,12
inst25x25_40_50.txt,90,1,8.81768,101
inst25x25_40_50.txt,91,1,3.04051,35
inst25x25_40_50.txt,92,1,1.57703,18
inst25x25_40_50.txt,93,1,5.11477,59
inst25x25_40_50.txt,94,1,5.04839,57
inst25x25_40_50.txt,95,1,9.66965,111
inst25x25_40_50.txt,96,1,1.71427,20
inst25x25_40_50.txt,97,1,4.13709,48
inst25x25_40_50.txt,98,1,10.0598,115
inst25x25_40_50.txt,99,1,7.22138,84
inst25x25_40_50.txt,100,1,27.2206,315
inst25x25_40_57.txt,1,1,8.56435,97
inst25x25_40_57.txt,2,1,1.68707,19
inst25x25_40_57.txt,3,1,0.617887,7
inst25x25_40_57.txt,4,1,4.00147,45
inst25x25_40_57.txt,5,1,1.3183,15
inst25x25_40_57.txt,6,1,5.97735,68
inst25x25_40_57.txt,7,1,3.09616,35
inst25x25_40_57.txt,8,1,2.32079,26
inst25x25_40_57.txt,9,1,0.882006,10
inst25x25_40_57.txt,10,1,6.41604,73
inst25x25_40_57.txt,11,1,2.87774,33
inst25x25_40_57.txt,12,1,5.41653,61
inst25x25_40_57.txt,13,1,2.2824,26
inst25x25_40_57.txt,14,1,6.13524,68
inst25x25_40_57.txt,15,1,3.17454,36
inst25x25_40_57.txt,16,1,0.875368,10
inst25x25_40_57.txt,17,1,4.96737,56
inst25x25_40_57.txt,18,1,13.8795,155
inst25x25_40_57.txt,19,1,3.24193,37
inst25x25_40_57.txt,20,1,8.31825,94
inst25x25_40_57.txt,21,1,9.20601,104
inst25x25_40_57.txt,22,1,1.40823,16
inst25x25_40_57.txt,23,1,5.18941,59
inst25x25_40_57.txt,24,1,3.43008,39
inst25x25_40_57.txt,25,1,1.76133,20
inst25x25_40_57.txt,26,1,4.17522,47
inst25x25_40_57.txt,27,1,17.2044,192
inst25x25_40_57.txt,28,1,11.0406,125
inst25x25_40_57.txt,29,1,5.12715,58
inst25x25_40_57.txt,30,1,2.02083,23
inst25x25_40_57.txt,31,1,1.32077,15
inst25x25_40_57.txt,32,1,1.40141,16
inst25x25_40_57.txt,33,1,1.07298,12
inst25x25_40_57.txt,34,1,0.891316,10
inst25x25_40_57.txt,35,1,0.967104,11
inst25x25_40_57.txt,36,1,18.9682,214
inst25x25_40_57.txt,37,1,3.34069,38
inst25x25_40_57.txt,38,1,6.80885,77
inst25x25_40_57.txt,39,1,8.66783,97
inst25x25_40_57.txt,40,1,3.60991,41
inst25x25_40_57.txt,41,1,1.82769,21
inst25x25_40_57.txt,42,1,0.440446,5
inst25x25_40_57.txt,43,1,4.76711,54
inst25x25_40_57.txt,44,1,1.39617,16
inst25x25_40_57.txt,45,1,11.1788,126
inst25x25_40_57.txt,46,1,3.52444,40
inst25x25_40_57.txt,47,1,1.32997,15
inst25x25_40_57.txt,48,1,1.13482,13
inst25x25_40_57.txt,49,1,5.08482,57
inst25x25_40_57.txt,50,1,1.85532,21
inst25x25_40_57.txt,51,1,10.3654,117
inst25x25_40_57.txt,52,1,5.21852,59
inst25x25_40_57.txt,53,1,3.16395,36
inst25x25_40_57.txt,54,1,4.90311,56
inst25x25_40_57.txt,55,1,5.10259,58
inst25x25_40_57.txt,56,1,3.50844,40
inst25x25_40_57.txt,57,1,5.35716,61
inst25x25_40_57.txt,58,1,0.347365,4
inst25x25_40_57.txt,59,1,1.3176,15
inst25x25_40_57.txt,60,1,2.74779,31
inst25x25_40_57.txt,61,1,2.1117,24
inst25x25_40_57.txt,62,1,3.57714,41
inst25x25_40_57.txt,63,1,2.94674,33
inst25x25_40_57.txt,64,1,0.619281,7
inst25x25_40_57.txt,65,1,16.5494,185
inst25x25_40_57.txt,66,1,2.93328,33
inst25x25_40_57.txt,67,1,4.07617,46
inst25x25_40_57.txt,68,1,3.88391,44
inst25x25_40_57.txt,69,1,1.76324,20
inst25x25_40_57.txt,70,1,2.33425,26
inst25x25_40_57.txt,71,1,10.4572,116
inst25x25_40_57.txt,72,1,1.04848,12
inst25x25_40_57.txt,73,1,6.70611,75
inst25x25_40_57.txt,74,1,1.66903,19
inst25x25_40_57.txt,75,1,6.16012,70
inst25x25_40_57.txt,76,1,19.1193,215
inst25x25_40_57.txt,77,1,1.59189,18
inst25x25_40_57.txt,78,1,3.79934,43
inst25x25_40_57.txt,79,1,1.69456,19
inst25x25_40_57.txt,80,1,2.4,27
inst25x25_40_57.txt,81,1,3.21766,36
inst25x25_40_57.txt,82,1,5.18651,58
inst25x25_40_57.txt,83,1,25.8379,290
inst25x25_40_57.txt,84,1,8.63495,96
inst25x25_40_57.txt,85,1,1.68638,19
inst25x25_40_57.txt,86,1,23.2438,260
inst25x25_40_57.txt,87,1,1.57452,18
inst25x25_40_57.txt,88,1,3.71168,42
inst25x25_40_57.txt,89,1,2.30002,26
inst25x25_40_57.txt,90,1,9.15717,103
inst25x25_40_57.txt,91,1,22.4727,252
inst25x25_40_57.txt,92,1,2.73642,31
inst25x25_40_57.txt,93,1,4.6707,52
inst25x25_40_57.txt,94,1,4.58548,52
inst25x25_40_57.txt,95,1,4.70753,53
inst25x25_40_57.txt,96,1,24.1623,269
inst25x25_40_57.txt,97,1,5.52999,63
inst25x25_40_57.txt,98,1,0.439675,5
inst25x25_40_57.txt,99,1,1.13924,13
inst25x25_40_57.txt,100,1,6.45083,73
inst25x25_40_62.txt,1,1,10.178,119
inst25x25_40_62.txt,2,1,4.06226,48
inst25x25_40_62.txt,3,1,9.28426,108
inst25x25_40_62.txt,4,1,6.53062,77
inst25x25_40_62.txt,5,1,10.3997,121
inst25x25_40_62.txt,6,1,18.8679,220
inst25x25_40_62.txt,7,1,25.9199,302
inst25x25_40_62.txt,8,1,16.5732,193
inst25x25_40_62.txt,9,1,1.68375,20
inst25x25_40_62.txt,10,1,7.80642,91
inst25x25_40_62.txt,11,1,7.86432,93
inst25x25_40_62.txt,12,1,1.25746,15
inst25x25_40_62.txt,13,1,13.5332,160
inst25x25_40_62.txt,14,1,9.87258,117
inst25x25_40_62.txt,15,1,2.51462,30
inst25x25_40_62.txt,16,1,4.37234,51
inst25x25_40_62.txt,17,1,2.02112,24
inst25x25_40_62.txt,18,1,0.932918,11
inst25x25_40_62.txt,19,1,5.68275,67
inst25x25_40_62.txt,20,1,9.83152,116
inst25x25_40_62.txt,21,1,7.00116,82
inst25x25_40_62.txt,22,1,6.27356,74
inst25x25_40_62.txt,23,1,6.46199,76
inst25x25_40_62.txt,24,1,7.94555,93
inst25x25_40_62.txt,25,1,4.38166,52
inst25x25_40_62.txt,26,1,36.5067,428
inst25x25_40_62.txt,27,1,6.86836,81
inst25x25_40_62.txt,28,1,1.91334,23
inst25x25_40_62.txt,29,1,0.50324,6
inst25x25_40_62.txt,30,1,4.77169,56
inst25x25_40_62.txt,31,1,1.85927,22
inst25x25_40_62.txt,32,0,122.495,1400
inst25x25_40_62.txt,33,1,3.33028,39
inst25x25_40_62.txt,34,1,3.88701,46
inst25x25_40_62.txt,35,0,120.111,1400
inst25x25_40_62.txt,36,1,9.56345,111
inst25x25_40_62.txt,37,1,4.9946,59
inst25x25_40_62.txt,38,1,5.03212,60
inst25x25_40_62.txt,39,1,1.61318,19
inst25x25_40_62.txt,40,1,4.52797,54
inst25x25_40_62.txt,41,1,5.45006,64
inst25x25_40_62.txt,42,1,8.09839,95
inst25x25_40_62.txt,43,1,30.1948,348
inst25x25_40_62.txt,44,1,6.228,73
inst25x25_40_62.txt,45,1,7.45767,89
inst25x25_40_62.txt,46,1,8.15405,96
inst25x25_40_62.txt,47,1,3.38943,40
inst25x25_40_62.txt,48,1,1.68299,20
inst25x25_40_62.txt,49,1,6.68313,78
inst25x25_40_62.txt,50,1,2.09578,25
inst25x25_40_62.txt,51,1,1.39234,16
inst25x25_40_62.txt,52,1,4.88142,58
inst25x25_40_62.txt,53,1,1.17641,14
inst25x25_40_62.txt,54,1,6.78393,80
inst25x25_40_62.txt,55,1,1.76628,21
inst25x25_40_62.txt,56,1,11.3757,133
inst25x25_40_62.txt,57,1,2.58134,30
inst25x25_40_62.txt,58,1,5.26557,62
inst25x25_40_62.txt,59,1,1.3632,16
inst25x25_40_62.txt,60,1,6.42645,76
inst25x25_40_62.txt,61,1,3.70817,44
inst25x25_40_62.txt,62,1,12.4221,147
inst25x25_40_62.txt,63,1,5.76473,68
inst25x25_40_62.txt,64,1,2.52063,30
inst25x25_40_62.txt,65,1,58.524,673
inst25x25_40_62.txt,66,1,3.12347,37
inst25x25_40_62.txt,67,1,8.16084,95
inst25x25_40_62.txt,68,1,1.34668,16
inst25x25_40_62.txt,69,1,2.33369,28
inst25x25_40_62.txt,70,1,4.07519,48
inst25x25_40_62.txt,71,1,7.1035,84
inst25x25_40_62.txt,72,1,17.7976,206
inst25x25_40_62.txt,73,1,4.13439,49
inst25x25_40_62.txt,74,1,2.37544,28
inst25x25_40_62.txt,75,1,6.76041,79
inst25x25_40_62.txt,76,1,3.02368,36
inst25x25_40_62.txt,77,1,14.4512,170
inst25x25_40_62.txt,78,1,12.09,141
inst25x25_40_62.txt,79,1,7.39569,84
inst25x25_40_62.txt,80,1,1.90461,22
inst25x25_40_62.txt,81,1,5.07998,55
inst25x25_40_62.txt,82,1,2.14295,24
inst25x25_40_62.txt,83,1,1.35194,15
inst25x25_40_62.txt,84,1,11.5515,125
inst25x25_40_62.txt,85,1,19.3736,225
inst25x25_40_62.txt,86,1,0.502943,6
inst25x25_40_62.txt,87,1,5.76698,68
inst25x25_40_62.txt,88,1,1.01421,12
inst25x25_40_62.txt,89,1,2.44131,29
inst25x25_40_62.txt,90,1,4.24781,50
inst25x25_40_62.txt,91,1,5.85726,70
inst25x25_40_62.txt,92,1,7.676,90
inst25x25_40_62.txt,93,1,3.10641,37
inst25x25_40_62.txt,94,1,9.13917,108
inst25x25_40_62.txt,95,1,7.08005,83
inst25x25_40_62.txt,96,1,2.78697,33
inst25x25_40_62.txt,97,1,2.28107,27
inst25x25_40_62.txt,98,1,5.67654,67
inst25x25_40_62.txt,99,1,8.83623,104
inst25x25_40_62.txt,100,1,4.37017,51
inst25x25_40_79.txt,1,1,6.16209,70
inst25x25_40_79.txt,2,1,3.74188,43
inst25x25_40_79.txt,3,1,3.41529,39
inst25x25_40_79.txt,4,1,31.9745,365
inst25x25_40_79.txt,5,1,2.25023,26
inst25x25_40_79.txt,6,1,1.30421,15
inst25x25_40_79.txt,7,1,2.4971,29
inst25x25_40_79.txt,8,1,4.88679,56
inst25x25_40_79.txt,9,1,2.40197,28
inst25x25_40_79.txt,10,1,6.52041,75
inst25x25_40_79.txt,11,1,2.43841,28
inst25x25_40_79.txt,12,1,4.80978,55
inst25x25_40_79.txt,13,1,3.20941,37
inst25x25_40_79.txt,14,1,2.36113,27
inst25x25_40_79.txt,15,1,2.41605,28
inst25x25_40_79.txt,16,1,5.24508,60
inst25x25_40_79.txt,17,1,4.15833,48
inst25x25_40_79.txt,18,1,3.07015,35
inst25x25_40_79.txt,19,1,2.49889,29
inst25x25_40_79.txt,20,1,3.0298,35
inst25x25_40_79.txt,21,1,4.58487,53
inst25x25_40_79.txt,22,1,8.62945,99
inst25x25_40_79.txt,23,1,2.71405,31
inst25x25_40_79.txt,24,1,12.2723,141
inst25x25_40_79.txt,25,1,2.52271,29
inst25x25_40_79.txt,26,1,5.53313,63
inst25x25_40_79.txt,27,1,4.61324,53
inst25x25_40_79.txt,28,1,8.33642,95
inst25x25_40_79.txt,29,1,5.46461,63
inst25x25_40_79.txt,30,1,3.75438,43
inst25x25_40_79.txt,31,1,4.83811,56
inst25x25_40_79.txt,32,1,5.00304,57
inst25x25_40_79.txt,33,1,1.90192,22
inst25x25_40_79.txt,34,1,2.57851,30
inst25x25_40_79.txt,35,1,2.92766,34
inst25x25_40_79.txt,36,1,5.02518,57
inst25x25_40_79.txt,37,1,4.96617,57
inst25x25_40_79.txt,38,1,8.38563,95
inst25x25_40_79.txt,39,1,6.46542,74
inst25x25_40_79.txt,40,1,1.72489,20
inst25x25_40_79.txt,41,1,1.29245,15
inst25x25_40_79.txt,42,1,1.6588,19
inst25x25_40_79.txt,43,1,1.38896,16
inst25x25_40_79.txt,44,1,7.9185,89
inst25x25_40_79.txt,45,1,4.35095,50
inst25x25_40_79.txt,46,1,1.99063,23
inst25x25_40_79.txt,47,1,1.8344,21
inst25x25_40_79.txt,48,1,15.7157,180
inst25x25_40_79.txt,49,1,2.32963,27
inst25x25_40_79.txt,50,1,1.19821,14
inst25x25_40_79.txt,51,1,1.81619,21
inst25x25_40_79.txt,52,1,2.59596,30
inst25x25_40_79.txt,53,1,3.2871,38
inst25x25_40_79.txt,54,1,0.874029,10
inst25x25_40_79.txt,55,1,5.43565,62
inst25x25_40_79.txt,56,1,2.45262,28
inst25x25_40_79.txt,57,1,5.356,61
inst25x25_40_79.txt,58,1,2.70396,31
inst25x25_40_79.txt,59,1,6.26695,72
inst25x25_40_79.txt,60,1,3.19398,37
inst25x25_40_79.txt,61,1,2.94849,34
inst25x25_40_79.txt,62,1,4.9683,57
inst25x25_40_79.txt,63,1,12.6706,143
inst25x25_40_79.txt,64,1,10.1854,116
inst25x25_40_79.txt,65,1,9.5027,108
inst25x25_40_79.txt,66,1,7.12087,82
inst25x25_40_79.txt,67,1,4.54399,52
inst25x25_40_79.txt,68,1,2.23312,26
inst25x25_40_79.txt,69,1,5.76461,67
inst25x25_40_79.txt,70,1,8.79203,101
inst25x25_40_79.txt,71,1,4.1223,48
inst25x25_40_79.txt,72,1,12.0916,137
inst25x25_40_79.txt,73,1,2.52589,29
inst25x25_40_79.txt,74,1,3.96917,46
inst25x25_40_79.txt,75,1,6.86988,78
inst25x25_40_79.txt,76,1,2.26826,26
inst25x25_40_79.txt,77,1,6.4836,74
inst25x25_40_79.txt,78,1,11.3878,130
inst25x25_40_79.txt,79,1,18.9128,215
inst25x25_40_79.txt,80,1,0.938117,11
inst25x25_40_79.txt,81,1,21.8351,249
inst25x25_40_79.txt,82,1,4.68002,54
inst25x25_40_79.txt,83,1,37.6195,434
inst25x25_40_79.txt,84,1,1.5525,18
inst25x25_40_79.txt,85,1,11.0363,127
inst25x25_40_79.txt,86,1,8.89716,101
inst25x25_40_79.txt,87,1,3.46562,40
inst25x25_40_79.txt,88,1,5.98269,69
inst25x25_40_79.txt,89,1,3.02803,35
inst25x25_40_79.txt,90,1,5.79141,67
inst25x25_40_79.txt,91,1,0.603808,7
inst25x25_40_79.txt,92,1,5.26758,61
inst25x25_40_79.txt,93,1,7.82999,90
inst25x25_40_79.txt,94,1,2.35144,27
inst25x25_40_79.txt,95,1,4.14096,47
inst25x25_40_79.txt,96,1,2.31481,27
inst25x25_40_79.txt,97,1,0.764695,9
inst25x25_40_79.txt,98,1,1.20674,14
inst25x25_40_79.txt,99,1,3.37947,39
inst25x25_40_79.txt,100,1,3.79418,44
inst25x25_40_80.txt,1,1,0.863471,10
inst25x25_40_80.txt,2,1,4.70805,54
inst25x25_40_80.txt,3,1,2.232,26
inst25x25_40_80.txt,4,1,1.55307,18
inst25x25_40_80.txt,5,1,1.53582,18
inst25x25_40_80.txt,6,1,7.68981,89
inst25x25_40_80.txt,7,1,0.945058,11
inst25x25_40_80.txt,8,1,0.852697,10
inst25x25_40_80.txt,9,1,10.4219,119
inst25x25_40_80.txt,10,1,1.03465,12
inst25x25_40_80.txt,11,1,5.76881,66
inst25x25_40_80.txt,12,1,2.50878,29
inst25x25_40_80.txt,13,1,8.65976,101
inst25x25_40_80.txt,14,1,1.19559,14
inst25x25_40_80.txt,15,1,1.12128,13
inst25x25_40_80.txt,16,1,1.99162,23
inst25x25_40_80.txt,17,1,0.604364,7
inst25x25_40_80.txt,18,1,1.72102,20
inst25x25_40_80.txt,19,1,1.36681,16
inst25x25_40_80.txt,20,1,25.4552,291
inst25x25_40_80.txt,21,1,3.3683,39
inst25x25_40_80.txt,22,1,4.03331,47
inst25x25_40_80.txt,23,1,2.95212,34
inst25x25_40_80.txt,24,1,0.773798,9
inst25x25_40_80.txt,25,1,3.5413,41
inst25x25_40_80.txt,26,1,1.11467,13
inst25x25_40_80.txt,27,1,7.27055,84
inst25x25_40_80.txt,28,1,0.77078,9
inst25x25_40_80.txt,29,1,1.71177,20
inst25x25_40_80.txt,30,1,1.19952,14
inst25x25_40_80.txt,31,1,1.96798,23
inst25x25_40_80.txt,32,1,2.00246,23
inst25x25_40_80.txt,33,1,4.36969,51
inst25x25_40_80.txt,34,1,6.90996,80
inst25x25_40_80.txt,35,1,3.69957,43
inst25x25_40_80.txt,36,1,0.778752,9
inst25x25_40_80.txt,37,1,4.21891,49
inst25x25_40_80.txt,38,1,1.37753,16
inst25x25_40_80.txt,39,1,5.78956,67
inst25x25_40_80.txt,40,1,1.38166,16
inst25x25_40_80.txt,41,1,1.70129,20
inst25x25_40_80.txt,42,1,5.46827,63
inst25x25_40_80.txt,43,1,1.29667,15
inst25x25_40_80.txt,44,1,0.770592,9
inst25x25_40_80.txt,45,1,3.59426,42
inst25x25_40_80.txt,46,1,3.39417,39
inst25x25_40_80.txt,47,1,0.685182,8
inst25x25_40_80.txt,48,1,8.06574,93
inst25x25_40_80.txt,49,1,1.37596,16
inst25x25_40_80.txt,50,1,1.02573,12
inst25x25_40_80.txt,51,1,7.15401,82
inst25x25_40_80.txt,52,1,3.07727,36
inst25x25_40_80.txt,53,1,0.864433,10
inst25x25_40_80.txt,54,1,1.7139,20
inst25x25_40_80.txt,55,1,1.03445,12
inst25x25_40_80.txt,56,1,0.604278,7
inst25x25_40_80.txt,57,1,5.15133,60
inst25x25_40_80.txt,58,1,1.56823,18
inst25x25_40_80.txt,59,1,2.3956,28
inst25x25_40_80.txt,60,1,4.26757,49
inst25x25_40_80.txt,61,1,1.29068,15
inst25x25_40_80.txt,62,1,1.55819,18
inst25x25_40_80.txt,63,1,8.00152,92
inst25x25_40_80.txt,64,1,1.11514,13
inst25x25_40_80.txt,65,1,0.952582,11
inst25x25_40_80.txt,66,1,3.10184,36
inst25x25_40_80.txt,67,1,2.39971,28
inst25x25_40_80.txt,68,1,2.60847,30
inst25x25_40_80.txt,69,1,2.90683,34
inst25x25_40_80.txt,70,1,6.97137,80
inst25x25_40_80.txt,71,1,4.93864,57
inst25x25_40_80.txt,72,1,4.29721,50
inst25x25_40_80.txt,73,1,5.42894,63
inst25x25_40_80.txt,74,1,1.3739,16
inst25x25_40_80.txt,75,1,2.60308,30
inst25x25_40_80.txt,76,1,4.26291,49
inst25x25_40_80.txt,77,1,3.09238,36
inst25x25_40_80.txt,78,1,1.71311,20
inst25x25_40_80.txt,79,1,6.75881,78
inst25x25_40_80.txt,80,1,0.343961,4
inst25x25_40_80.txt,81,1,8.0294,92
inst25x25_40_80.txt,82,1,7.47051,86
inst25x25_40_80.txt,83,1,1.53256,18
inst25x25_40_80.txt,84,1,3.03503,35
inst25x25_40_80.txt,85,1,2.17115,25
inst25x25_40_80.txt,86,1,4.64995,54
inst25x25_40_80.txt,87,1,0.686556,8
inst25x25_40_80.txt,88,1,2.64966,31
inst25x25_40_80.txt,89,1,1.29542,15
inst25x25_40_80.txt,90,1,0.938717,11
inst25x25_40_80.txt,91,1,4.86431,56
inst25x25_40_80.txt,92,1,1.72182,20
inst25x25_40_80.txt,93,1,2.40041,28
inst25x25_40_80.txt,94,1,5.7958,67
inst25x25_40_80.txt,95,1,24.4605,278
inst25x25_40_80.txt,96,1,5.21302,59
inst25x25_40_80.txt,97,1,2.07698,24
inst25x25_40_80.txt,98,1,2.2661,26
inst25x25_40_80.txt,99,1,1.38274,16
inst25x25_40_80.txt,100,1,0.955933,11
inst25x25_40_89.txt,1,1,6.49492,78
inst25x25_40_89.txt,2,1,6.02216,72
inst25x25_40_89.txt,3,1,7.24042,86
inst25x25_40_89.txt,4,1,8.21122,99
inst25x25_40_89.txt,5,1,4.20234,50
inst25x25_40_89.txt,6,1,0.826608,10
inst25x25_40_89.txt,7,1,1.92896,23
inst25x25_40_89.txt,8,1,0.914903,11
inst25x25_40_89.txt,9,1,1.23805,15
inst25x25_40_89.txt,10,1,6.39826,77
inst25x25_40_89.txt,11,1,1.248,15
inst25x25_40_89.txt,12,1,4.82642,58
inst25x25_40_89.txt,13,1,4.04971,49
inst25x25_40_89.txt,14,1,4.38799,53
inst25x25_40_89.txt,15,1,1.74512,21
inst25x25_40_89.txt,16,1,1.656,20
inst25x25_40_89.txt,17,1,25.0325,297
inst25x25_40_89.txt,18,1,4.18161,50
inst25x25_40_89.txt,19,1,1.907,23
inst25x25_40_89.txt,20,1,13.4405,162
inst25x25_40_89.txt,21,1,3.23526,39
inst25x25_40_89.txt,22,1,1.22972,15
inst25x25_40_89.txt,23,1,0.992782,12
inst25x25_40_89.txt,24,1,2.21863,27
inst25x25_40_89.txt,25,1,2.38689,29
inst25x25_40_89.txt,26,1,0.740788,9
inst25x25_40_89.txt,27,1,1.494,18
inst25x25_40_89.txt,28,1,3.15125,38
inst25x25_40_89.txt,29,1,6.78385,81
inst25x25_40_89.txt,30,1,1.57109,19
inst25x25_40_89.txt,31,1,1.58706,19
inst25x25_40_89.txt,32,1,3.07757,37
inst25x25_40_89.txt,33,1,3.65322,44
inst25x25_40_89.txt,34,1,7.00147,83
inst25x25_40_89.txt,35,1,19.2308,229
inst25x25_40_89.txt,36,1,9.77205,117
inst25x25_40_89.txt,37,1,2.0513,25
inst25x25_40_89.txt,38,1,0.657945,8
inst25x25_40_89.txt,39,1,5.92691,71
inst25x25_40_89.txt,40,1,4.93073,59
inst25x25_40_89.txt,41,1,0.826857,10
inst25x25_40_89.txt,42,1,4.29345,52
inst25x25_40_89.txt,43,1,4.28971,52
inst25x25_40_89.txt,44,1,7.71412,92
inst25x25_40_89.txt,45,1,1.48555,18
inst25x25_40_89.txt,46,1,4.95904,60
inst25x25_40_89.txt,47,1,8.13476,98
inst25x25_40_89.txt,48,1,1.89812,23
inst25x25_40_89.txt,49,1,0.827298,10
inst25x25_40_89.txt,50,1,3.72189,44
inst25x25_40_89.txt,51,1,3.63675,44
inst25x25_40_89.txt,52,1,4.81162,58
inst25x25_40_89.txt,53,1,4.72344,57
inst25x25_40_89.txt,54,1,2.49635,30
inst25x25_40_89.txt,55,1,1.40125,17
inst25x25_40_89.txt,56,1,4.56592,55
inst25x25_40_89.txt,57,1,1.82056,22
inst25x25_40_89.txt,58,1,1.89297,23
inst25x25_40_89.txt,59,1,2.89113,35
inst25x25_40_89.txt,60,1,1.64101,20
inst25x25_40_89.txt,61,1,0.65605,8
inst25x25_40_89.txt,62,1,3.25963,39
inst25x25_40_89.txt,63,1,7.29924,87
inst25x25_40_89.txt,64,1,3.24697,39
inst25x25_40_89.txt,65,1,5.21322,63
inst25x25_40_89.txt,66,1,3.63542,44
inst25x25_40_89.txt,67,1,2.73505,33
inst25x25_40_89.txt,68,1,4.93968,60
inst25x25_40_89.txt,69,1,42.9634,517
inst25x25_40_89.txt,70,1,4.14205,50
inst25x25_40_89.txt,71,1,0.658615,8
inst25x25_40_89.txt,72,1,1.24913,15
inst25x25_40_89.txt,73,1,2.74973,33
inst25x25_40_89.txt,74,1,1.47634,18
inst25x25_40_89.txt,75,1,0.499751,6
inst25x25_40_89.txt,76,1,3.81617,46
inst25x25_40_89.txt,77,1,0.663896,8
inst25x25_40_89.txt,78,1,12.6594,151
inst25x25_40_89.txt,79,1,8.09445,98
inst25x25_40_89.txt,80,1,1.4084,17
inst25x25_40_89.txt,81,1,0.993445,12
inst25x25_40_89.txt,82,1,4.0587,49
inst25x25_40_89.txt,83,1,1.57636,19
inst25x25_40_89.txt,84,1,2.64301,32
inst25x25_40_89.txt,85,1,2.40644,29
inst25x25_40_89.txt,86,1,5.14933,62
inst25x25_40_89.txt,87,1,13.6569,163
inst25x25_40_89.txt,88,1,1.39288,17
inst25x25_40_89.txt,89,1,4.61094,55
inst25x25_40_89.txt,90,1,6.16724,73
inst25x25_40_89.txt,91,1,3.14217,38
inst25x25_40_89.txt,92,1,1.3257,16
inst25x25_40_89.txt,93,1,1.57719,19
inst25x25_40_89.txt,94,1,3.22251,39
inst25x25_40_89.txt,95,1,1.90217,23
inst25x25_40_89.txt,96,1,0.994779,12
inst25x25_40_89.txt,97,1,2.64359,32
inst25x25_40_89.txt,98,1,6.06019,72
inst25x25_40_89.txt,99,1,1.89045,23
inst25x25_40_89.txt,100,1,3.80262,46
inst25x25_40_9.txt,1,1,2.34374,28
inst25x25_40_9.txt,2,1,2.62198,31
inst25x25_40_9.txt,3,1,0.908811,11
inst25x25_40_9.txt,4,1,2.77562,33
inst25x25_40_9.txt,5,1,3.30581,39
inst25x25_40_9.txt,6,1,4.67821,56
inst25x25_40_9.txt,7,1,17.1824,200
inst25x25_40_9.txt,8,1,0.836199,10
inst25x25_40_9.txt,9,1,2.43741,29
inst25x25_40_9.txt,10,1,3.77925,45
inst25x25_40_9.txt,11,1,2.78445,33
inst25x25_40_9.txt,12,1,3.75865,45
inst25x25_40_9.txt,13,1,2.09076,25
inst25x25_40_9.txt,14,1,17.3366,202
inst25x25_40_9.txt,15,1,3.8183,45
inst25x25_40_9.txt,16,1,1.1819,14
inst25x25_40_9.txt,17,1,7.97544,94
inst25x25_40_9.txt,18,1,3.61869,43
inst25x25_40_9.txt,19,1,5.85865,70
inst25x25_40_9.txt,20,1,14.4699,168
inst25x25_40_9.txt,21,1,7.27757,85
inst25x25_40_9.txt,22,1,14.5539,170
inst25x25_40_9.txt,23,1,3.14361,37
inst25x25_40_9.txt,24,1,8.5128,101
inst25x25_40_9.txt,25,1,11.7398,138
inst25x25_40_9.txt,26,1,3.30585,39
inst25x25_40_9.txt,27,1,4.22964,50
inst25x25_40_9.txt,28,1,10.9758,130
inst25x25_40_9.txt,29,1,3.2159,38
inst25x25_40_9.txt,30,1,112.888,1323
inst25x25_40_9.txt,31,1,3.64765,43
inst25x25_40_9.txt,32,1,3.58311,42
inst25x25_40_9.txt,33,1,4.91024,58
inst25x25_40_9.txt,34,1,5.47723,64
inst25x25_40_9.txt,35,1,7.38558,87
inst25x25_40_9.txt,36,1,8.07693,95
inst25x25_40_9.txt,37,1,2.36294,28
inst25x25_40_9.txt,38,1,3.49074,41
inst25x25_40_9.txt,39,1,2.80091,33
inst25x25_40_9.txt,40,1,4.26728,50
inst25x25_40_9.txt,41,1,7.29101,85
inst25x25_40_9.txt,42,1,0.333066,4
inst25x25_40_9.txt,43,1,7.83734,93
inst25x25_40_9.txt,44,1,6.58463,77
inst25x25_40_9.txt,45,1,39.4739,458
inst25x25_40_9.txt,46,1,4.05119,48
inst25x25_40_9.txt,47,1,1.42854,17
inst25x25_40_9.txt,48,1,3.70736,44
inst25x25_40_9.txt,49,1,2.50308,30
inst25x25_40_9.txt,50,1,1.67691,20
inst25x25_40_9.txt,51,1,4.13513,49
inst25x25_40_9.txt,52,1,1.09568,13
inst25x25_40_9.txt,53,1,1.00654,12
inst25x25_40_9.txt,54,1,1.83837,22
inst25x25_40_9.txt,55,1,16.2325,190
inst25x25_40_9.txt,56,1,5.00689,59
inst25x25_40_9.txt,57,1,1.26727,15
inst25x25_40_9.txt,58,1,0.762182,9
inst25x25_40_9.txt,59,1,4.96142,59
inst25x25_40_9.txt,60,1,3.4622,41
inst25x25_40_9.txt,61,1,1.75371,21
inst25x25_40_9.txt,62,1,2.808,33
inst25x25_40_9.txt,63,1,9.58659,113
inst25x25_40_9.txt,64,1,2.43153,29
inst25x25_40_9.txt,65,1,4.6466,55
inst25x25_40_9.txt,66,1,3.35642,40
inst25x25_40_9.txt,67,1,2.44079,29
inst25x25_40_9.txt,68,1,2.02398,24
inst25x25_40_9.txt,69,1,12.9088,154
inst25x25_40_9.txt,70,1,4.64177,55
inst25x25_40_9.txt,71,1,2.25816,27
inst25x25_40_9.txt,72,1,3.48413,41
inst25x25_40_9.txt,73,1,1.34366,16
inst25x25_40_9.txt,74,1,0.926356,11
inst25x25_40_9.txt,75,1,5.90734,70
inst25x25_40_9.txt,76,1,5.37982,63
inst25x25_40_9.txt,77,1,23.2402,269
inst25x25_40_9.txt,78,1,0.841529,10
inst25x25_40_9.txt,79,1,8.45462,100
inst25x25_40_9.txt,80,1,3.40747,40
inst25x25_40_9.txt,81,1,4.65276,55
inst25x25_40_9.txt,82,1,14.6478,171
inst25x25_40_9.txt,83,1,2.27813,27
inst25x25_40_9.txt,84,1,4.97129,59
inst25x25_40_9.txt,85,1,2.35103,28
inst25x25_40_9.txt,86,1,3.28119,39
inst25x25_40_9.txt,87,1,1.17669,14
inst25x25_40_9.txt,88,1,3.36372,40
inst25x25_40_9.txt,89,1,26.5647,308
inst25x25_40_9.txt,90,1,1.60206,19
inst25x25_40_9.txt,91,1,6.4615,77
inst25x25_40_9.txt,92,1,1.60527,19
inst25x25_40_9.txt,93,1,4.93869,58
inst25x25_40_9.txt,94,1,12.4634,146
inst25x25_40_9.txt,95,1,2.27389,27
inst25x25_40_9.txt,96,1,11.7113,139
inst25x25_40_9.txt,97,1,3.72129,44
inst25x25_40_9.txt,98,1,1.16686,14
inst25x25_40_9.txt,99,1,1.77895,21
inst25x25_40_9.txt,100,1,3.85447,46
inst25x25_40_99.txt,1,1,0.831716,10
inst25x25_40_99.txt,2,1,1.41483,17
inst25x25_40_99.txt,3,1,1.92512,23
inst25x25_40_99.txt,4,1,2.94383,35
inst25x25_40_99.txt,5,1,3.05786,37
inst25x25_40_99.txt,6,1,11.5549,137
inst25x25_40_99.txt,7,1,0.665343,8
inst25x25_40_99.txt,8,1,1.67829,20
inst25x25_40_99.txt,9,1,1.67211,20
inst25x25_40_99.txt,10,1,3.51915,42
inst25x25_40_99.txt,11,1,7.66249,91
inst25x25_40_99.txt,12,1,4.81473,57
inst25x25_40_99.txt,13,1,7.99843,95
inst25x25_40_99.txt,14,1,0.580812,7
inst25x25_40_99.txt,15,1,8.38819,100
inst25x25_40_99.txt,16,1,2.00723,24
inst25x25_40_99.txt,17,1,1.49414,18
inst25x25_40_99.txt,18,1,2.60977,31
inst25x25_40_99.txt,19,1,8.65997,102
inst25x25_40_99.txt,20,1,5.08571,60
inst25x25_40_99.txt,21,1,2.18398,26
inst25x25_40_99.txt,22,1,2.7937,33
inst25x25_40_99.txt,23,1,10.934,130
inst25x25_40_99.txt,24,1,15.3921,178
inst25x25_40_99.txt,25,1,1.25385,15
inst25x25_40_99.txt,26,1,5.36842,64
inst25x25_40_99.txt,27,1,1.66179,20
inst25x25_40_99.txt,28,1,0.662942,8
inst25x25_40_99.txt,29,1,4.4532,53
inst25x25_40_99.txt,30,1,2.84067,34
inst25x25_40_99.txt,31,1,1.35156,16
inst25x25_40_99.txt,32,1,2.43523,29
inst25x25_40_99.txt,33,1,2.25477,27
inst25x25_40_99.txt,34,1,0.838064,10
inst25x25_40_99.txt,35,1,3.65023,43
inst25x25_40_99.txt,36,1,3.11283,37
inst25x25_40_99.txt,37,1,5.38627,64
inst25x25_40_99.txt,38,1,3.82095,45
inst25x25_40_99.txt,39,1,2.44294,29
inst25x25_40_99.txt,40,1,4.52385,54
inst25x25_40_99.txt,41,1,5.77578,69
inst25x25_40_99.txt,42,1,2.53572,30
inst25x25_40_99.txt,43,1,3.41159,41
inst25x25_40_99.txt,44,1,1.15872,14
inst25x25_40_99.txt,45,1,1.66326,20
inst25x25_40_99.txt,46,1,6.62567,78
inst25x25_40_99.txt,47,1,2.76345,33
inst25x25_40_99.txt,48,1,3.35484,40
inst25x25_40_99.txt,49,1,5.38556,64
inst25x25_40_99.txt,50,1,3.68763,44
inst25x25_40_99.txt,51,1,1.59511,19
inst25x25_40_99.txt,52,1,0.919119,11
inst25x25_40_99.txt,53,1,1.2543,15
inst25x25_40_99.txt,54,1,2.68383,32
inst25x25_40_99.txt,55,1,2.19239,26
inst25x25_40_99.txt,56,1,3.78776,45
inst25x25_40_99.txt,57,1,2.45136,29
inst25x25_40_99.txt,58,1,1.33751,16
inst25x25_40_99.txt,59,1,0.915423,11
inst25x25_40_99.txt,60,1,5.58977,66
inst25x25_40_99.txt,61,1,4.65131,56
inst25x25_40_99.txt,62,1,0.585692,7
inst25x25_40_99.txt,63,1,8.22863,98
inst25x25_40_99.txt,64,1,2.18242,26
inst25x25_40_99.txt,65,1,0.918929,11
inst25x25_40_99.txt,66,1,113.595,1331
inst25x25_40_99.txt,67,1,5.70123,68
inst25x25_40_99.txt,68,1,10.9026,129
inst25x25_40_99.txt,69,1,2.11084,25
inst25x25_40_99.txt,70,1,3.12864,37
inst25x25_40_99.txt,71,1,5.67779,68
inst25x25_40_99.txt,72,1,1.09522,13
inst25x25_40_99.txt,73,1,2.18406,26
inst25x25_40_99.txt,74,1,1.08723,13
inst25x25_40_99.txt,75,1,1.33451,16
inst25x25_40_99.txt,76,1,0.587268,7
inst25x25_40_99.txt,77,1,10.3987,122
inst25x25_40_99.txt,78,1,8.13606,97
inst25x25_40_99.txt,79,1,1.34024,16
inst25x25_40_99.txt,80,1,1.59189,19
inst25x25_40_99.txt,81,1,3.53325,42
inst25x25_40_99.txt,82,1,7.63425,91
inst25x25_40_99.txt,83,1,3.31044,40
inst25x25_40_99.txt,84,1,3.23396,39
inst25x25_40_99.txt,85,1,1.42488,17
inst25x25_40_99.txt,86,1,3.63828,43
inst25x25_40_99.txt,87,1,2.00634,24
inst25x25_40_99.txt,88,1,27.2483,318
inst25x25_40_99.txt,89,1,5.37445,64
inst25x25_40_99.txt,90,1,17.0061,202
inst25x25_40_99.txt,91,1,0.754148,9
inst25x25_40_99.txt,92,1,2.16242,26
inst25x25_40_99.txt,93,1,4.18397,50
inst25x25_40_99.txt,94,1,9.9855,117
inst25x25_40_99.txt,95,1,1.99117,24
inst25x25_40_99.txt,96,1,1.51415,18
inst25x25_40_99.txt,97,1,0.754559,9
inst25x25_40_99.txt,98,1,2.82916,34
inst25x25_40_99.txt,99,1,1.25742,15
inst25x25_40_99.txt,100,1,1.56907,19
inst25x25_45_1.txt,1,1,75.1792,1227
inst25x25_45_1.txt,2,0,122.845,2000
inst25x25_45_1.txt,3,1,96.9517,1595
inst25x25_45_1.txt,4,0,122.172,2000
inst25x25_45_1.txt,5,0,120.19,2000
inst25x25_45_1.txt,6,0,123.041,2000
inst25x25_45_1.txt,7,1,80.9327,1319
inst25x25_45_1.txt,8,1,29.2206,494
inst25x25_45_1.txt,9,1,59.0873,966
inst25x25_45_1.txt,10,0,122.118,2000
inst25x25_45_1.txt,11,0,123.26,2000
inst25x25_45_1.txt,12,1,4.15915,69
inst25x25_45_1.txt,13,0,121.42,2000
inst25x25_45_1.txt,14,1,3.45343,59
inst25x25_45_1.txt,15,1,0.716479,12
inst25x25_45_1.txt,16,0,122.947,2000
inst25x25_45_1.txt,17,1,39.4905,649
inst25x25_45_1.txt,18,1,7.49842,126
inst25x25_45_1.txt,19,1,27.9016,454
inst25x25_45_1.txt,20,0,121.531,2000
inst25x25_45_1.txt,21,1,95.8169,1499
inst25x25_45_1.txt,22,1,7.98476,132
inst25x25_45_1.txt,23,0,125.012,2000
inst25x25_45_1.txt,24,0,121.382,2000
inst25x25_45_1.txt,25,0,125.461,2000
inst25x25_45_1.txt,26,1,6.39632,106
inst25x25_45_1.txt,27,1,7.19183,116
inst25x25_45_1.txt,28,0,123.189,1900
inst25x25_45_1.txt,29,0,123.971,1900
inst25x25_45_1.txt,30,1,20.3006,324
inst25x25_45_1.txt,31,1,21.9024,349
inst25x25_45_1.txt,32,1,77.1165,1188
inst25x25_45_1.txt,33,0,120.407,1900
inst25x25_45_1.txt,34,0,124.451,1900
inst25x25_45_1.txt,35,1,58.6674,920
inst25x25_45_1.txt,36,0,123.056,2000
inst25x25_45_1.txt,37,0,120.849,1900
inst25x25_45_1.txt,38,0,124.591,2000
inst25x25_45_1.txt,39,1,20.6764,322
inst25x25_45_1.txt,40,1,5.41392,88
inst25x25_45_1.txt,41,1,22.3854,351
inst25x25_45_1.txt,42,0,120.503,1900
inst25x25_45_1.txt,43,1,8.06263,131
inst25x25_45_1.txt,44,0,121.353,1900
inst25x25_45_1.txt,45,1,4.75372,76
inst25x25_45_1.txt,46,0,121.134,1900
inst25x25_45_1.txt,47,1,9.21575,146
inst25x25_45_1.txt,48,1,24.05,378
inst25x25_45_1.txt,49,1,32.5181,511
inst25x25_45_1.txt,50,0,122.097,1900
inst25x25_45_1.txt,51,1,19.9378,311
inst25x25_45_1.txt,52,1,107.603,1638
inst25x25_45_1.txt,53,0,124.539,1900
inst25x25_45_1.txt,54,0,123.004,1900
inst25x25_45_1.txt,55,1,2.41479,39
inst25x25_45_1.txt,56,1,56.5138,881
inst25x25_45_1.txt,57,0,123.934,1900
inst25x25_45_1.txt,58,1,21.1331,332
inst25x25_45_1.txt,59,0,124.937,1800
inst25x25_45_1.txt,60,1,5.88058,90
inst25x25_45_1.txt,61,0,120.862,1700
inst25x25_45_1.txt,62,1,37.0242,568
inst25x25_45_1.txt,63,1,113.931,1781
inst25x25_45_1.txt,64,1,5.41231,88
inst25x25_45_1.txt,65,1,17.291,281
inst25x25_45_1.txt,66,1,31.3155,499
inst25x25_45_1.txt,67,0,124.337,1800
inst25x25_45_1.txt,68,0,120.226,1900
inst25x25_45_1.txt,69,0,120.862,1800
inst25x25_45_1.txt,70,0,122.902,1900
inst25x25_45_1.txt,71,0,124.809,2000
inst25x25_45_1.txt,72,1,47.8881,739
inst25x25_45_1.txt,73,1,3.91784,63
inst25x25_45_1.txt,74,0,120.066,1900
inst25x25_45_1.txt,75,0,120.76,1900
inst25x25_45_1.txt,76,0,126.293,2000
inst25x25_45_1.txt,77,0,123.383,1900
inst25x25_45_1.txt,78,1,2.92749,48
inst25x25_45_1.txt,79,0,125.499,2000
inst25x25_45_1.txt,80,0,123.355,2000
inst25x25_45_1.txt,81,1,19.2259,318
inst25x25_45_1.txt,82,1,11.943,198
inst25x25_45_1.txt,83,1,5.90092,96
inst25x25_45_1.txt,84,0,122.944,1900
inst25x25_45_1.txt,85,1,27.825,384
inst25x25_45_1.txt,86,0,121.802,1700
inst25x25_45_1.txt,87,0,123.861,1900
inst25x25_45_1.txt,88,1,30.8768,481
inst25x25_45_1.txt,89,1,7.67466,115
inst25x25_45_1.txt,90,1,15.2823,219
inst25x25_45_1.txt,91,0,123.879,1800
inst25x25_45_1.txt,92,0,120.791,1900
inst25x25_45_1.txt,93,0,122.223,1900
inst25x25_45_1.txt,94,1,8.3292,138
inst25x25_45_1.txt,95,1,58.8709,970
inst25x25_45_1.txt,96,1,3.47122,58
inst25x25_45_1.txt,97,1,3.33931,55
inst25x25_45_1.txt,98,0,122.508,2000
inst25x25_45_1.txt,99,0,124.702,1900
inst25x25_45_1.txt,100,1,24.0294,394
inst25x25_45_11.txt,1,1,7.82679,132
inst25x25_45_11.txt,2,1,11.8683,198
inst25x25_45_11.txt,3,1,4.23815,73
inst25x25_45_11.txt,4,1,1.0037,17
inst25x25_45_11.txt,5,1,3.41645,58
inst25x25_45_11.txt,6,1,4.25344,73
inst25x25_45_11.txt,7,1,12.0549,199
inst25x25_45_11.txt,8,1,26.4702,436
inst25x25_45_11.txt,9,0,123.659,2100
inst25x25_45_11.txt,10,0,122.33,2000
inst25x25_45_11.txt,11,1,3.87499,63
inst25x25_45_11.txt,12,1,6.05156,104
inst25x25_45_11.txt,13,1,0.644019,11
inst25x25_45_11.txt,14,1,11.6108,198
inst25x25_45_11.txt,15,1,0.543968,9
inst25x25_45_11.txt,16,1,2.24289,39
inst25x25_45_11.txt,17,1,4.51852,74
inst25x25_45_11.txt,18,1,2.42473,42
inst25x25_45_11.txt,19,1,2.0699,36
inst25x25_45_11.txt,20,1,1.49326,25
inst25x25_45_11.txt,21,1,1.26109,21
inst25x25_45_11.txt,22,1,8.95452,151
inst25x25_45_11.txt,23,1,0.585346,10
inst25x25_45_11.txt,24,1,5.14074,85
inst25x25_45_11.txt,25,1,1.21389,21
inst25x25_45_11.txt,26,1,0.820969,14
inst25x25_45_11.txt,27,1,1.21577,21
inst25x25_45_11.txt,28,1,1.58127,27
inst25x25_45_11.txt,29,1,2.49509,43
inst25x25_45_11.txt,30,1,1.45212,25
inst25x25_45_11.txt,31,1,39.6919,662
inst25x25_45_11.txt,32,1,1.47074,25
inst25x25_45_11.txt,33,1,3.69648,63
inst25x25_45_11.txt,34,1,3.30703,57
inst25x25_45_11.txt,35,1,1.59285,27
inst25x25_45_11.txt,36,1,8.19349,138
inst25x25_45_11.txt,37,1,2.18564,37
inst25x25_45_11.txt,38,1,2.78013,47
inst25x25_45_11.txt,39,1,0.875203,15
inst25x25_45_11.txt,40,1,6.61276,112
inst25x25_45_11.txt,41,1,7.79091,130
inst25x25_45_11.txt,42,1,6.87696,112
inst25x25_45_11.txt,43,1,23.3421,388
inst25x25_45_11.txt,44,1,0.87929,15
inst25x25_45_11.txt,45,1,1.18962,20
inst25x25_45_11.txt,46,1,17.9507,306
inst25x25_45_11.txt,47,1,14.9335,254
inst25x25_45_11.txt,48,1,3.27454,55
inst25x25_45_11.txt,49,1,1.4051,24
inst25x25_45_11.txt,50,1,22.0751,369
inst25x25_45_11.txt,51,1,6.38248,107
inst25x25_45_11.txt,52,1,7.17992,122
inst25x25_45_11.txt,53,1,1.54619,26
inst25x25_45_11.txt,54,1,24.6201,417
inst25x25_45_11.txt,55,1,2.72773,46
inst25x25_45_11.txt,56,1,5.09469,84
inst25x25_45_11.txt,57,1,0.900246,15
inst25x25_45_11.txt,58,1,45.6874,745
inst25x25_45_11.txt,59,1,0.705283,12
inst25x25_45_11.txt,60,1,2.07048,35
inst25x25_45_11.txt,61,1,0.763777,13
inst25x25_45_11.txt,62,1,6.37115,107
inst25x25_45_11.txt,63,1,4.36407,72
inst25x25_45_11.txt,64,1,11.5912,198
inst25x25_45_11.txt,65,1,3.47542,58
inst25x25_45_11.txt,66,1,85.3368,1432
inst25x25_45_11.txt,67,1,0.886339,15
inst25x25_45_11.txt,68,1,0.528544,9
inst25x25_45_11.txt,69,1,3.3288,58
inst25x25_45_11.txt,70,1,4.01273,68
inst25x25_45_11.txt,71,1,1.00483,17
inst25x25_45_11.txt,72,1,3.0152,50
inst25x25_45_11.txt,73,1,18.1631,309
inst25x25_45_11.txt,74,1,29.5344,492
inst25x25_45_11.txt,75,1,0.999366,17
inst25x25_45_11.txt,76,1,0.964052,16
inst25x25_45_11.txt,77,1,1.63791,28
inst25x25_45_11.txt,78,1,1.68763,29
inst25x25_45_11.txt,79,1,57.449,941
inst25x25_45_11.txt,80,1,2.48967,42
inst25x25_45_11.txt,81,1,5.79263,100
inst25x25_45_11.txt,82,1,0.826553,14
inst25x25_45_11.txt,83,1,1.07168,18
inst25x25_45_11.txt,84,1,10.6451,178
inst25x25_45_11.txt,85,1,7.5869,126
inst25x25_45_11.txt,86,1,4.96325,83
inst25x25_45_11.txt,87,1,9.72393,160
inst25x25_45_11.txt,88,1,8.92565,150
inst25x25_45_11.txt,89,1,4.02614,68
inst25x25_45_11.txt,90,1,40.0706,653
inst25x25_45_11.txt,91,1,13.7814,227
inst25x25_45_11.txt,92,1,2.38425,41
inst25x25_45_11.txt,93,1,2.47337,42
inst25x25_45_11.txt,94,1,3.79491,66
inst25x25_45_11.txt,95,1,11.0888,186
inst25x25_45_11.txt,96,1,10.341,173
inst25x25_45_11.txt,97,1,3.0919,52
inst25x25_45_11.txt,98,1,0.801645,14
inst25x25_45_11.txt,99,1,1.4183,24
inst25x25_45_11.txt,100,0,124.313,2000
inst25x25_45_14.txt,1,1,0.730479,11
inst25x25_45_14.txt,2,1,7.13048,109
inst25x25_45_14.txt,3,1,20.7316,301
inst25x25_45_14.txt,4,1,9.01377,135
inst25x25_45_14.txt,5,1,0.692713,11
inst25x25_45_14.txt,6,1,10.0516,156
inst25x25_45_14.txt,7,1,2.22184,35
inst25x25_45_14.txt,8,1,0.681031,11
inst25x25_45_14.txt,9,1,0.691672,11
inst25x25_45_14.txt,10,1,0.457477,7
inst25x25_45_14.txt,11,1,2.04208,32
inst25x25_45_14.txt,12,1,0.374819,6
inst25x25_45_14.txt,13,1,1.71468,27
inst25x25_45_14.txt,14,1,12.0486,190
inst25x25_45_14.txt,15,1,1.05978,17
inst25x25_45_14.txt,16,1,0.787229,13
inst25x25_45_14.txt,17,0,124.906,1900
inst25x25_45_14.txt,18,1,1.70514,27
inst25x25_45_14.txt,19,1,1.07337,17
inst25x25_45_14.txt,20,0,122.847,1900
inst25x25_45_14.txt,21,1,0.842579,13
inst25x25_45_14.txt,22,1,0.719461,11
inst25x25_45_14.txt,23,1,3.08198,47
inst25x25_45_14.txt,24,1,0.460207,7
inst25x25_45_14.txt,25,1,0.775946,12
inst25x25_45_14.txt,26,1,1.25379,20
inst25x25_45_14.txt,27,1,0.513951,8
inst25x25_45_14.txt,28,1,7.53724,116
inst25x25_45_14.txt,29,1,0.896409,13
inst25x25_45_14.txt,30,1,1.2643,20
inst25x25_45_14.txt,31,1,3.01122,48
inst25x25_45_14.txt,32,1,0.585469,9
inst25x25_45_14.txt,33,1,10.2576,162
inst25x25_45_14.txt,34,1,4.89646,78
inst25x25_45_14.txt,35,1,0.990583,15
inst25x25_45_14.txt,36,1,5.0655,77
inst25x25_45_14.txt,37,1,0.769477,12
inst25x25_45_14.txt,38,1,3.37979,53
inst25x25_45_14.txt,39,1,0.889835,14
inst25x25_45_14.txt,40,1,0.689733,10
inst25x25_45_14.txt,41,1,0.790426,12
inst25x25_45_14.txt,42,1,0.411802,6
inst25x25_45_14.txt,43,1,6.49267,102
inst25x25_45_14.txt,44,1,2.27065,36
inst25x25_45_14.txt,45,1,0.453487,7
inst25x25_45_14.txt,46,1,2.19429,34
inst25x25_45_14.txt,47,1,1.7341,27
inst25x25_45_14.txt,48,1,1.76047,28
inst25x25_45_14.txt,49,1,5.24792,82
inst25x25_45_14.txt,50,1,1.75541,28
inst25x25_45_14.txt,51,1,2.33259,36
inst25x25_45_14.txt,52,1,0.459195,7
inst25x25_45_14.txt,53,1,0.326535,5
inst25x25_45_14.txt,54,1,1.42454,22
inst25x25_45_14.txt,55,1,0.652113,10
inst25x25_45_14.txt,56,1,2.04515,32
inst25x25_45_14.txt,57,1,1.87208,30
inst25x25_45_14.txt,58,1,1.15096,18
inst25x25_45_14.txt,59,1,114.444,1778
inst25x25_45_14.txt,60,1,0.872527,14
inst25x25_45_14.txt,61,1,0.75719,12
inst25x25_45_14.txt,62,1,0.700976,11
inst25x25_45_14.txt,63,1,7.58447,118
inst25x25_45_14.txt,64,1,4.47637,71
inst25x25_45_14.txt,65,1,0.642385,10
inst25x25_45_14.txt,66,1,0.893846,14
inst25x25_45_14.txt,67,1,0.611901,10
inst25x25_45_14.txt,68,0,122.255,1900
inst25x25_45_14.txt,69,1,1.01012,16
inst25x25_45_14.txt,70,1,1.22781,19
inst25x25_45_14.txt,71,1,1.04209,16
inst25x25_45_14.txt,72,1,1.41768,22
inst25x25_45_14.txt,73,1,0.650768,10
inst25x25_45_14.txt,74,1,34.6373,523
inst25x25_45_14.txt,75,1,5.90369,88
inst25x25_45_14.txt,76,1,1.12607,17
inst25x25_45_14.txt,77,1,2.31764,36
inst25x25_45_14.txt,78,1,13.142,180
inst25x25_45_14.txt,79,1,1.4894,23
inst25x25_45_14.txt,80,1,1.26026,19
inst25x25_45_14.txt,81,1,1.42906,22
inst25x25_45_14.txt,82,1,6.52262,97
inst25x25_45_14.txt,83,1,0.447372,6
inst25x25_45_14.txt,84,1,0.86268,12
inst25x25_45_14.txt,85,1,0.554509,9
inst25x25_45_14.txt,86,1,0.210555,3
inst25x25_45_14.txt,87,1,0.912592,14
inst25x25_45_14.txt,88,1,29.4353,455
inst25x25_45_14.txt,89,1,0.518884,8
inst25x25_45_14.txt,90,1,0.184981,3
inst25x25_45_14.txt,91,1,0.603909,9
inst25x25_45_14.txt,92,1,1.80573,28
inst25x25_45_14.txt,93,1,4.38344,70
inst25x25_45_14.txt,94,1,0.844228,14
inst25x25_45_14.txt,95,1,1.19783,19
inst25x25_45_14.txt,96,1,1.9778,31
inst25x25_45_14.txt,97,1,1.37092,22
inst25x25_45_14.txt,98,1,0.249981,4
inst25x25_45_14.txt,99,1,0.918752,14
inst25x25_45_14.txt,100,1,0.972516,15
inst25x25_45_15.txt,1,1,3.25831,52
inst25x25_45_15.txt,2,1,8.42181,131
inst25x25_45_15.txt,3,1,14.7436,225
inst25x25_45_15.txt,4,1,5.38744,86
inst25x25_45_15.txt,5,1,20.9767,331
inst25x25_45_15.txt,6,1,19.7975,311
inst25x25_45_15.txt,7,1,13.1079,210
inst25x25_45_15.txt,8,1,8.06631,130
inst25x25_45_15.txt,9,1,1.49013,24
inst25x25_45_15.txt,10,1,4.04402,63
inst25x25_45_15.txt,11,0,121.92,1900
inst25x25_45_15.txt,12,1,46.5911,736
inst25x25_45_15.txt,13,1,5.62001,90
inst25x25_45_15.txt,14,1,8.25899,132
inst25x25_45_15.txt,15,1,3.86137,62
inst25x25_45_15.txt,16,1,1.68427,27
inst25x25_45_15.txt,17,1,33.12,516
inst25x25_45_15.txt,18,1,46.8338,737
inst25x25_45_15.txt,19,1,34.9243,544
inst25x25_45_15.txt,20,0,126.12,2000
inst25x25_45_15.txt,21,1,54.559,828
inst25x25_45_15.txt,22,1,3.29527,50
inst25x25_45_15.txt,23,1,3.77695,59
inst25x25_45_15.txt,24,1,0.851806,13
inst25x25_45_15.txt,25,1,19.5383,297
inst25x25_45_15.txt,26,1,21.9052,340
inst25x25_45_15.txt,27,1,9.80893,153
inst25x25_45_15.txt,28,1,3.28042,52
inst25x25_45_15.txt,29,1,38.1613,599
inst25x25_45_15.txt,30,1,12.5706,198
inst25x25_45_15.txt,31,1,27.2561,406
inst25x25_45_15.txt,32,0,126.127,1900
inst25x25_45_15.txt,33,1,3.00105,43
inst25x25_45_15.txt,34,1,2.2036,30
inst25x25_45_15.txt,35,1,5.26657,73
inst25x25_45_15.txt,36,1,17.5456,246
inst25x25_45_15.txt,37,1,46.5128,615
inst25x25_45_15.txt,38,0,120.647,1700
inst25x25_45_15.txt,39,1,43.6301,625
inst25x25_45_15.txt,40,1,29.9778,434
inst25x25_45_15.txt,41,1,0.93019,13
inst25x25_45_15.txt,42,1,6.89638,100
inst25x25_45_15.txt,43,1,1.24835,18
inst25x25_45_15.txt,44,0,121.196,1700
inst25x25_45_15.txt,45,1,8.15677,120
inst25x25_45_15.txt,46,1,9.18551,135
inst25x25_45_15.txt,47,1,22.4104,325
inst25x25_45_15.txt,48,1,1.49829,22
inst25x25_45_15.txt,49,1,6.45184,95
inst25x25_45_15.txt,50,1,11.5106,167
inst25x25_45_15.txt,51,1,38.1937,558
inst25x25_45_15.txt,52,0,124.681,1800
inst25x25_45_15.txt,53,1,18.7103,272
inst25x25_45_15.txt,54,1,3.5041,51
inst25x25_45_15.txt,55,1,20.2546,287
inst25x25_45_15.txt,56,1,40.917,595
inst25x25_45_15.txt,57,1,13.6115,197
inst25x25_45_15.txt,58,1,30.0551,433
inst25x25_45_15.txt,59,1,2.79523,41
inst25x25_45_15.txt,60,1,53.4636,762
inst25x25_45_15.txt,61,1,8.80464,130
inst25x25_45_15.txt,62,1,8.06312,118
inst25x25_45_15.txt,63,1,10.0953,150
inst25x25_45_15.txt,64,1,13.0225,191
inst25x25_45_15.txt,65,1,2.78177,41
inst25x25_45_15.txt,66,1,9.20199,132
inst25x25_45_15.txt,67,1,3.07637,45
inst25x25_45_15.txt,68,1,0.639104,9
inst25x25_45_15.txt,69,1,16.764,242
inst25x25_45_15.txt,70,1,56.8182,803
inst25x25_45_15.txt,71,1,10.4127,150
inst25x25_45_15.txt,72,1,2.3506,34
inst25x25_45_15.txt,73,1,107.769,1530
inst25x25_45_15.txt,74,1,52.841,776
inst25x25_45_15.txt,75,1,53.7126,766
inst25x25_45_15.txt,76,1,26.3545,388
inst25x25_45_15.txt,77,1,6.43207,94
inst25x25_45_15.txt,78,1,4.21046,61
inst25x25_45_15.txt,79,1,22.9052,336
inst25x25_45_15.txt,80,1,2.88862,46
inst25x25_45_15.txt,81,1,18.2432,288
inst25x25_45_15.txt,82,1,21.606,328
inst25x25_45_15.txt,83,0,123.751,1800
inst25x25_45_15.txt,84,1,68.8731,994
inst25x25_45_15.txt,85,1,1.15002,17
inst25x25_45_15.txt,86,1,11.2379,164
inst25x25_45_15.txt,87,1,13.0864,193
inst25x25_45_15.txt,88,1,6.22535,92
inst25x25_45_15.txt,89,1,46.7093,683
inst25x25_45_15.txt,90,1,26.2386,382
inst25x25_45_15.txt,91,1,2.7914,42
inst25x25_45_15.txt,92,1,9.22926,139
inst25x25_45_15.txt,93,1,28.03,411
inst25x25_45_15.txt,94,1,49.1659,756
inst25x25_45_15.txt,95,1,1.86132,30
inst25x25_45_15.txt,96,1,9.39938,146
inst25x25_45_15.txt,97,1,12.8863,201
inst25x25_45_15.txt,98,1,44.4354,633
inst25x25_45_15.txt,99,1,2.5327,24
inst25x25_45_15.txt,100,1,8.05341,107
inst25x25_45_16.txt,1,1,8.81478,116
inst25x25_45_16.txt,2,1,10.236,151
inst25x25_45_16.txt,3,1,2.46625,38
inst25x25_45_16.txt,4,1,2.14361,32
inst25x25_45_16.txt,5,1,10.4877,156
inst25x25_45_16.txt,6,1,1.71809,26
inst25x25_45_16.txt,7,1,15.5122,230
inst25x25_45_16.txt,8,1,1.82403,28
inst25x25_45_16.txt,9,1,3.2665,51
inst25x25_45_16.txt,10,1,1.59278,25
inst25x25_45_16.txt,11,1,1.66209,26
inst25x25_45_16.txt,12,1,4.18819,64
inst25x25_45_16.txt,13,1,1.30693,20
inst25x25_45_16.txt,14,0,120.685,1700
inst25x25_45_16.txt,15,1,1.75446,26
inst25x25_45_16.txt,16,1,0.519935,7
inst25x25_45_16.txt,17,1,13.5955,198
inst25x25_45_16.txt,18,1,29.4656,415
inst25x25_45_16.txt,19,1,2.12843,31
inst25x25_45_16.txt,20,1,68.1266,992
inst25x25_45_16.txt,21,1,10.0087,143
inst25x25_45_16.txt,22,1,5.76246,80
inst25x25_45_16.txt,23,1,7.84107,112
inst25x25_45_16.txt,24,1,4.14978,60
inst25x25_45_16.txt,25,1,5.9365,88
inst25x25_45_16.txt,26,1,6.6084,93
inst25x25_45_16.txt,27,0,120.431,1700
inst25x25_45_16.txt,28,1,1.50011,21
inst25x25_45_16.txt,29,1,2.22794,32
inst25x25_45_16.txt,30,1,4.4818,66
inst25x25_45_16.txt,31,1,9.49656,140
inst25x25_45_16.txt,32,1,0.599291,9
inst25x25_45_16.txt,33,0,120.328,1700
inst25x25_45_16.txt,34,1,12.5406,170
inst25x25_45_16.txt,35,1,5.50363,80
inst25x25_45_16.txt,36,1,1.94111,28
inst25x25_45_16.txt,37,1,1.44999,21
inst25x25_45_16.txt,38,1,2.22889,32
inst25x25_45_16.txt,39,1,0.612681,9
inst25x25_45_16.txt,40,1,2.04136,28
inst25x25_45_16.txt,41,1,1.74845,25
inst25x25_45_16.txt,42,1,3.97455,57
inst25x25_45_16.txt,43,1,2.23446,33
inst25x25_45_16.txt,44,1,11.8845,172
inst25x25_45_16.txt,45,1,4.37916,64
inst25x25_45_16.txt,46,1,3.33565,49
inst25x25_45_16.txt,47,1,3.37431,50
inst25x25_45_16.txt,48,1,5.86644,85
inst25x25_45_16.txt,49,1,27.9865,391
inst25x25_45_16.txt,50,1,2.85807,41
inst25x25_45_16.txt,51,0,123.021,1800
inst25x25_45_16.txt,52,1,3.50133,51
inst25x25_45_16.txt,53,1,3.96037,57
inst25x25_45_16.txt,54,1,0.983436,14
inst25x25_45_16.txt,55,1,30.7972,449
inst25x25_45_16.txt,56,1,2.8702,42
inst25x25_45_16.txt,57,1,3.10005,45
inst25x25_45_16.txt,58,1,29.6702,425
inst25x25_45_16.txt,59,0,120.818,1700
inst25x25_45_16.txt,60,1,0.693037,10
inst25x25_45_16.txt,61,1,2.4795,35
inst25x25_45_16.txt,62,1,40.9966,582
inst25x25_45_16.txt,63,1,7.98474,116
inst25x25_45_16.txt,64,1,1.97608,29
inst25x25_45_16.txt,65,1,19.2384,273
inst25x25_45_16.txt,66,1,3.80915,55
inst25x25_45_16.txt,67,1,2.09497,31
inst25x25_45_16.txt,68,1,1.04316,15
inst25x25_45_16.txt,69,1,11.0756,160
inst25x25_45_16.txt,70,1,2.84201,42
inst25x25_45_16.txt,71,1,30.1132,436
inst25x25_45_16.txt,72,1,18.0991,263
inst25x25_45_16.txt,73,1,5.74419,82
inst25x25_45_16.txt,74,1,2.72972,39
inst25x25_45_16.txt,75,1,3.95058,55
inst25x25_45_16.txt,76,1,1.10831,16
inst25x25_45_16.txt,77,1,2.50307,37
inst25x25_45_16.txt,78,1,22.4489,318
inst25x25_45_16.txt,79,1,4.34214,64
inst25x25_45_16.txt,80,1,11.6939,167
inst25x25_45_16.txt,81,1,24.6828,356
inst25x25_45_16.txt,82,1,2.87721,42
inst25x25_45_16.txt,83,1,3.73342,54
inst25x25_45_16.txt,84,1,2.56418,37
inst25x25_45_16.txt,85,1,2.59403,38
inst25x25_45_16.txt,86,1,1.5961,23
inst25x25_45_16.txt,87,1,22.8649,326
inst25x25_45_16.txt,88,1,1.6499,24
inst25x25_45_16.txt,89,1,5.4773,76
inst25x25_45_16.txt,90,1,4.48715,65
inst25x25_45_16.txt,91,1,5.7513,82
inst25x25_45_16.txt,92,1,12.5535,182
inst25x25_45_16.txt,93,1,1.18695,17
inst25x25_45_16.txt,94,1,4.35047,63
inst25x25_45_16.txt,95,1,50.8271,725
inst25x25_45_16.txt,96,1,9.72361,141
inst25x25_45_16.txt,97,1,11.1046,160
inst25x25_45_16.txt,98,1,0.29484,4
inst25x25_45_16.txt,99,1,1.10523,16
inst25x25_45_16.txt,100,1,2.16073,31
inst25x25_45_17.txt,1,1,1.22912,17
inst25x25_45_17.txt,2,0,124.359,1700
inst25x25_45_17.txt,3,1,4.47532,62
inst25x25_45_17.txt,4,1,1.40297,20
inst25x25_45_17.txt,5,1,12.223,165
inst25x25_45_17.txt,6,1,3.32511,48
inst25x25_45_17.txt,7,1,8.96598,126
inst25x25_45_17.txt,8,1,34.074,478
inst25x25_45_17.txt,9,1,1.52821,21
inst25x25_45_17.txt,10,1,3.65976,51
inst25x25_45_17.txt,11,1,3.17946,44
inst25x25_45_17.txt,12,1,0.451421,6
inst25x25_45_17.txt,13,1,7.30621,104
inst25x25_45_17.txt,14,1,9.85274,139
inst25x25_45_17.txt,15,1,13.494,191
inst25x25_45_17.txt,16,1,1.02393,15
inst25x25_45_17.txt,17,1,4.35935,62
inst25x25_45_17.txt,18,1,11.1455,161
inst25x25_45_17.txt,19,1,5.17675,74
inst25x25_45_17.txt,20,1,3.44879,49
inst25x25_45_17.txt,21,1,4.18567,60
inst25x25_45_17.txt,22,1,1.59453,23
inst25x25_45_17.txt,23,1,5.68285,80
inst25x25_45_17.txt,24,1,1.82165,26
inst25x25_45_17.txt,25,1,3.77239,54
inst25x25_45_17.txt,26,1,8.32991,115
inst25x25_45_17.txt,27,1,0.978108,13
inst25x25_45_17.txt,28,1,6.33531,90
inst25x25_45_17.txt,29,1,8.90642,121
inst25x25_45_17.txt,30,1,8.25479,116
inst25x25_45_17.txt,31,1,4.18827,57
inst25x25_45_17.txt,32,1,10.059,141
inst25x25_45_17.txt,33,1,3.76521,52
inst25x25_45_17.txt,34,1,4.91537,68
inst25x25_45_17.txt,35,1,5.38037,73
inst25x25_45_17.txt,36,1,5.45272,72
inst25x25_45_17.txt,37,1,9.41656,122
inst25x25_45_17.txt,38,1,2.78462,39
inst25x25_45_17.txt,39,1,0.867859,12
inst25x25_45_17.txt,40,1,14.6954,200
inst25x25_45_17.txt,41,1,15.2071,214
inst25x25_45_17.txt,42,1,15.0436,213
inst25x25_45_17.txt,43,1,4.83395,68
inst25x25_45_17.txt,44,1,13.4748,188
inst25x25_45_17.txt,45,1,5.55002,77
inst25x25_45_17.txt,46,1,0.833175,11
inst25x25_45_17.txt,47,1,0.805581,11
inst25x25_45_17.txt,48,1,8.8035,121
inst25x25_45_17.txt,49,1,3.61843,51
inst25x25_45_17.txt,50,1,3.96514,56
inst25x25_45_17.txt,51,1,0.423477,6
inst25x25_45_17.txt,52,1,6.05988,85
inst25x25_45_17.txt,53,1,1.4546,21
inst25x25_45_17.txt,54,1,4.47553,63
inst25x25_45_17.txt,55,1,51.3883,722
inst25x25_45_17.txt,56,1,13.146,182
inst25x25_45_17.txt,57,1,14.9543,210
inst25x25_45_17.txt,58,1,4.1495,58
inst25x25_45_17.txt,59,1,10.7424,149
inst25x25_45_17.txt,60,1,1.40134,20
inst25x25_45_17.txt,61,1,1.13614,15
inst25x25_45_17.txt,62,1,14.8763,209
inst25x25_45_17.txt,63,1,4.35564,63
inst25x25_45_17.txt,64,1,11.3457,157
inst25x25_45_17.txt,65,1,1.11736,16
inst25x25_45_17.txt,66,1,12.9273,179
inst25x25_45_17.txt,67,1,8.25435,117
inst25x25_45_17.txt,68,1,1.85654,26
inst25x25_45_17.txt,69,1,1.8248,26
inst25x25_45_17.txt,70,1,2.71406,38
inst25x25_45_17.txt,71,1,2.11201,30
inst25x25_45_17.txt,72,1,2.27787,32
inst25x25_45_17.txt,73,0,124.149,1700
inst25x25_45_17.txt,74,1,115.849,1702
inst25x25_45_17.txt,75,1,13.9146,207
inst25x25_45_17.txt,76,1,8.83738,132
inst25x25_45_17.txt,77,1,11.0258,167
inst25x25_45_17.txt,78,1,12.7724,193
inst25x25_45_17.txt,79,1,12.4799,187
inst25x25_45_17.txt,80,1,1.6033,24
inst25x25_45_17.txt,81,1,8.87811,133
inst25x25_45_17.txt,82,1,1.88028,27
inst25x25_45_17.txt,83,1,2.81957,41
inst25x25_45_17.txt,84,1,4.01947,59
inst25x25_45_17.txt,85,1,0.724561,9
inst25x25_45_17.txt,86,1,5.96214,82
inst25x25_45_17.txt,87,1,1.15457,15
inst25x25_45_17.txt,88,1,13.9644,192
inst25x25_45_17.txt,89,1,6.94276,94
inst25x25_45_17.txt,90,1,5.12505,67
inst25x25_45_17.txt,91,1,8.38364,109
inst25x25_45_17.txt,92,1,4.00926,53
inst25x25_45_17.txt,93,1,21.8284,287
inst25x25_45_17.txt,94,1,2.39079,33
inst25x25_45_17.txt,95,1,10.3862,137
inst25x25_45_17.txt,96,1,13.0282,167
inst25x25_45_17.txt,97,1,5.86393,76
inst25x25_45_17.txt,98,1,5.08656,68
inst25x25_45_17.txt,99,1,2.3056,32
inst25x25_45_17.txt,100,1,7.82919,102
inst25x25_45_18.txt,1,1,5.51683,78
inst25x25_45_18.txt,2,1,1.88807,26
inst25x25_45_18.txt,3,1,0.291868,4
inst25x25_45_18.txt,4,1,0.455929,6
inst25x25_45_18.txt,5,1,1.04774,14
inst25x25_45_18.txt,6,1,1.95527,28
inst25x25_45_18.txt,7,1,0.813173,11
inst25x25_45_18.txt,8,1,11.6826,157
inst25x25_45_18.txt,9,1,1.91523,25
inst25x25_45_18.txt,10,1,0.749103,10
inst25x25_45_18.txt,11,1,6.25872,90
inst25x25_45_18.txt,12,1,1.98918,27
inst25x25_45_18.txt,13,1,0.348974,5
inst25x25_45_18.txt,14,1,0.346015,5
inst25x25_45_18.txt,15,1,25.9869,348
inst25x25_45_18.txt,16,1,7.94011,107
inst25x25_45_18.txt,17,1,0.912872,12
inst25x25_45_18.txt,18,1,24.446,314
inst25x25_45_18.txt,19,1,2.04043,30
inst25x25_45_18.txt,20,1,0.62884,9
inst25x25_45_18.txt,21,1,1.71138,24
inst25x25_45_18.txt,22,1,0.894537,12
inst25x25_45_18.txt,23,1,0.614967,9
inst25x25_45_18.txt,24,1,9.33793,133
inst25x25_45_18.txt,25,1,5.67771,79
inst25x25_45_18.txt,26,1,0.755362,12
inst25x25_45_18.txt,27,1,2.44829,37
inst25x25_45_18.txt,28,1,1.19993,18
inst25x25_45_18.txt,29,1,1.56036,22
inst25x25_45_18.txt,30,1,2.25585,33
inst25x25_45_18.txt,31,1,1.01858,15
inst25x25_45_18.txt,32,1,1.65441,24
inst25x25_45_18.txt,33,1,3.47343,51
inst25x25_45_18.txt,34,1,0.605092,9
inst25x25_45_18.txt,35,1,7.87322,112
inst25x25_45_18.txt,36,1,8.11443,116
inst25x25_45_18.txt,37,1,1.1122,16
inst25x25_45_18.txt,38,1,2.02116,29
inst25x25_45_18.txt,39,1,1.18606,17
inst25x25_45_18.txt,40,1,3.93881,57
inst25x25_45_18.txt,41,1,4.55198,65
inst25x25_45_18.txt,42,1,1.07661,16
inst25x25_45_18.txt,43,1,0.580728,8
inst25x25_45_18.txt,44,1,1.75255,25
inst25x25_45_18.txt,45,1,1.48191,22
inst25x25_45_18.txt,46,1,2.76638,40
inst25x25_45_18.txt,47,1,2.14491,30
inst25x25_45_18.txt,48,1,0.920643,13
inst25x25_45_18.txt,49,1,8.86635,127
inst25x25_45_18.txt,50,1,1.54343,22
inst25x25_45_18.txt,51,1,1.83375,27
inst25x25_45_18.txt,52,1,13.2944,192
inst25x25_45_18.txt,53,1,1.98754,28
inst25x25_45_18.txt,54,1,24.5498,352
inst25x25_45_18.txt,55,1,6.28461,88
inst25x25_45_18.txt,56,1,3.35412,49
inst25x25_45_18.txt,57,1,15.5613,221
inst25x25_45_18.txt,58,1,2.24128,32
inst25x25_45_18.txt,59,1,7.41526,110
inst25x25_45_18.txt,60,1,1.25462,18
inst25x25_45_18.txt,61,1,6.34283,91
inst25x25_45_18.txt,62,1,21.7263,300
inst25x25_45_18.txt,63,1,0.645159,8
inst25x25_45_18.txt,64,1,11.6142,165
inst25x25_45_18.txt,65,1,1.71412,25
inst25x25_45_18.txt,66,1,1.88136,27
inst25x25_45_18.txt,67,1,6.88628,98
inst25x25_45_18.txt,68,1,12.0686,175
inst25x25_45_18.txt,69,1,6.19067,90
inst25x25_45_18.txt,70,1,2.57408,37
inst25x25_45_18.txt,71,1,1.87317,27
inst25x25_45_18.txt,72,1,6.02851,88
inst25x25_45_18.txt,73,1,38.1947,545
inst25x25_45_18.txt,74,1,2.50976,36
inst25x25_45_18.txt,75,1,6.90491,100
inst25x25_45_18.txt,76,1,0.928894,13
inst25x25_45_18.txt,77,1,9.62483,136
inst25x25_45_18.txt,78,1,9.67583,136
inst25x25_45_18.txt,79,1,2.16072,30
inst25x25_45_18.txt,80,1,3.25845,46
inst25x25_45_18.txt,81,1,1.86178,26
inst25x25_45_18.txt,82,1,3.26685,48
inst25x25_45_18.txt,83,1,10.2027,148
inst25x25_45_18.txt,84,1,4.48657,63
inst25x25_45_18.txt,85,1,1.67376,24
inst25x25_45_18.txt,86,1,1.26833,18
inst25x25_45_18.txt,87,1,4.43395,65
inst25x25_45_18.txt,88,1,78.4153,1111
inst25x25_45_18.txt,89,1,10.4299,150
inst25x25_45_18.txt,90,1,26.1446,375
inst25x25_45_18.txt,91,1,1.34022,19
inst25x25_45_18.txt,92,1,1.80728,26
inst25x25_45_18.txt,93,1,2.42135,35
inst25x25_45_18.txt,94,1,0.839204,11
inst25x25_45_18.txt,95,1,2.81178,41
inst25x25_45_18.txt,96,1,2.76877,40
inst25x25_45_18.txt,97,1,1.44491,21
inst25x25_45_18.txt,98,1,0.919551,13
inst25x25_45_18.txt,99,1,2.07601,29
inst25x25_45_18.txt,100,1,0.888305,12
inst25x25_45_19.txt,1,1,3.03001,46
inst25x25_45_19.txt,2,1,2.95359,42
inst25x25_45_19.txt,3,1,7.23138,108
inst25x25_45_19.txt,4,0,126.041,1900
inst25x25_45_19.txt,5,1,6.33299,95
inst25x25_45_19.txt,6,1,1.8287,28
inst25x25_45_19.txt,7,1,9.52789,149
inst25x25_45_19.txt,8,1,0.671576,10
inst25x25_45_19.txt,9,1,4.4179,68
inst25x25_45_19.txt,10,1,4.61977,71
inst25x25_45_19.txt,11,1,116.404,1745
inst25x25_45_19.txt,12,1,15.8545,241
inst25x25_45_19.txt,13,1,3.4291,51
inst25x25_45_19.txt,14,1,2.25771,33
inst25x25_45_19.txt,15,1,0.924329,14
inst25x25_45_19.txt,16,1,3.48792,53
inst25x25_45_19.txt,17,1,1.84674,29
inst25x25_45_19.txt,18,1,15.3625,234
inst25x25_45_19.txt,19,1,5.32414,83
inst25x25_45_19.txt,20,1,6.2237,95
inst25x25_45_19.txt,21,1,2.40642,37
inst25x25_45_19.txt,22,1,15.4858,234
inst25x25_45_19.txt,23,1,1.59531,25
inst25x25_45_19.txt,24,1,2.43336,37
inst25x25_45_19.txt,25,1,5.06921,78
inst25x25_45_19.txt,26,1,22.3351,335
inst25x25_45_19.txt,27,1,20.3737,309
inst25x25_45_19.txt,28,1,66.6802,994
inst25x25_45_19.txt,29,1,5.80732,87
inst25x25_45_19.txt,30,1,8.85753,133
inst25x25_45_19.txt,31,0,121.509,1800
inst25x25_45_19.txt,32,0,121.989,1800
inst25x25_45_19.txt,33,1,1.75764,27
inst25x25_45_19.txt,34,1,5.05822,77
inst25x25_45_19.txt,35,0,123.678,1800
inst25x25_45_19.txt,36,1,5.21557,78
inst25x25_45_19.txt,37,1,24.5965,378
inst25x25_45_19.txt,38,1,4.70273,73
inst25x25_45_19.txt,39,1,2.53205,39
inst25x25_45_19.txt,40,1,4.31573,67
inst25x25_45_19.txt,41,1,15.1085,225
inst25x25_45_19.txt,42,1,7.02642,107
inst25x25_45_19.txt,43,1,3.97544,61
inst25x25_45_19.txt,44,1,7.55094,114
inst25x25_45_19.txt,45,1,1.11941,16
inst25x25_45_19.txt,46,1,59.2544,906
inst25x25_45_19.txt,47,1,4.7926,73
inst25x25_45_19.txt,48,1,80.9899,1233
inst25x25_45_19.txt,49,1,4.98277,75
inst25x25_45_19.txt,50,1,6.77951,103
inst25x25_45_19.txt,51,1,49.9952,751
inst25x25_45_19.txt,52,0,120.265,1800
inst25x25_45_19.txt,53,0,121.271,1800
inst25x25_45_19.txt,54,1,5.49579,85
inst25x25_45_19.txt,55,1,1.99819,31
inst25x25_45_19.txt,56,1,10.8324,166
inst25x25_45_19.txt,57,1,3.92315,58
inst25x25_45_19.txt,58,1,5.63952,85
inst25x25_45_19.txt,59,1,113.235,1755
inst25x25_45_19.txt,60,1,6.26705,103
inst25x25_45_19.txt,61,1,3.96141,65
inst25x25_45_19.txt,62,1,23.1008,379
inst25x25_45_19.txt,63,1,12.6333,199
inst25x25_45_19.txt,64,1,22.4228,355
inst25x25_45_19.txt,65,1,11.5277,186
inst25x25_45_19.txt,66,1,76.1336,1175
inst25x25_45_19.txt,67,1,56.9067,882
inst25x25_45_19.txt,68,1,28.3112,416
inst25x25_45_19.txt,69,1,11.1548,139
inst25x25_45_19.txt,70,1,24.0892,323
inst25x25_45_19.txt,71,1,26.9217,439
inst25x25_45_19.txt,72,0,122.019,2000
inst25x25_45_19.txt,73,1,3.46947,57
inst25x25_45_19.txt,74,1,14.6824,242
inst25x25_45_19.txt,75,1,12.3712,208
inst25x25_45_19.txt,76,1,15.1428,248
inst25x25_45_19.txt,77,1,15.761,260
inst25x25_45_19.txt,78,0,123.597,2000
inst25x25_45_19.txt,79,1,10.695,176
inst25x25_45_19.txt,80,1,1.6262,27
inst25x25_45_19.txt,81,1,15.7991,260
inst25x25_45_19.txt,82,1,2.29693,38
inst25x25_45_19.txt,83,1,0.90542,15
inst25x25_45_19.txt,84,1,72.7662,1158
inst25x25_45_19.txt,85,0,124.64,2000
inst25x25_45_19.txt,86,1,2.55422,42
inst25x25_45_19.txt,87,1,2.18707,36
inst25x25_45_19.txt,88,1,9.80906,140
inst25x25_45_19.txt,89,1,111.633,1777
inst25x25_45_19.txt,90,1,4.82134,81
inst25x25_45_19.txt,91,1,8.31317,138
inst25x25_45_19.txt,92,1,7.63238,127
inst25x25_45_19.txt,93,1,79.013,1259
inst25x25_45_19.txt,94,1,7.6312,129
inst25x25_45_19.txt,95,1,2.42848,41
inst25x25_45_19.txt,96,1,71.5566,1159
inst25x25_45_19.txt,97,1,15.1057,250
inst25x25_45_19.txt,98,1,0.416567,7
inst25x25_45_19.txt,99,0,123.057,2000
inst25x25_45_19.txt,100,1,1.5462,26
inst25x25_45_2.txt,1,1,45.5789,728
inst25x25_45_2.txt,2,1,1.28059,21
inst25x25_45_2.txt,3,1,14.1302,226
inst25x25_45_2.txt,4,1,1.51524,25
inst25x25_45_2.txt,5,1,10.692,173
inst25x25_45_2.txt,6,1,11.6199,185
inst25x25_45_2.txt,7,1,13.987,226
inst25x25_45_2.txt,8,1,1.83994,31
inst25x25_45_2.txt,9,1,3.7917,63
inst25x25_45_2.txt,10,1,1.89029,31
inst25x25_45_2.txt,11,1,2.00625,33
inst25x25_45_2.txt,12,1,0.896873,15
inst25x25_45_2.txt,13,1,0.644499,11
inst25x25_45_2.txt,14,1,3.80109,62
inst25x25_45_2.txt,15,0,125.93,2000
inst25x25_45_2.txt,16,1,8.22624,132
inst25x25_45_2.txt,17,1,7.79895,128
inst25x25_45_2.txt,18,1,7.42715,121
inst25x25_45_2.txt,19,1,1.12934,19
inst25x25_45_2.txt,20,1,0.713854,12
inst25x25_45_2.txt,21,1,4.22153,68
inst25x25_45_2.txt,22,1,48.9491,775
inst25x25_45_2.txt,23,1,0.423357,7
inst25x25_45_2.txt,24,1,0.775578,13
inst25x25_45_2.txt,25,0,124.018,1900
inst25x25_45_2.txt,26,1,5.94751,95
inst25x25_45_2.txt,27,1,12.8121,203
inst25x25_45_2.txt,28,1,10.2094,162
inst25x25_45_2.txt,29,1,51.0953,814
inst25x25_45_2.txt,30,1,22.0919,340
inst25x25_45_2.txt,31,1,2.73854,46
inst25x25_45_2.txt,32,0,124.617,1900
inst25x25_45_2.txt,33,1,6.62688,110
inst25x25_45_2.txt,34,1,0.76611,13
inst25x25_45_2.txt,35,1,2.28479,37
inst25x25_45_2.txt,36,1,3.6097,60
inst25x25_45_2.txt,37,0,121.934,1900
inst25x25_45_2.txt,38,1,4.04045,65
inst25x25_45_2.txt,39,1,4.17554,70
inst25x25_45_2.txt,40,0,125.834,2000
inst25x25_45_2.txt,41,1,2.32553,39
inst25x25_45_2.txt,42,1,13.2507,216
inst25x25_45_2.txt,43,1,20.3259,313
inst25x25_45_2.txt,44,1,5.6148,87
inst25x25_45_2.txt,45,1,0.947092,14
inst25x25_45_2.txt,46,1,8.75708,137
inst25x25_45_2.txt,47,1,2.4293,38
inst25x25_45_2.txt,48,1,4.88116,77
inst25x25_45_2.txt,49,1,8.72547,147
inst25x25_45_2.txt,50,1,0.297881,5
inst25x25_45_2.txt,51,0,121.87,2000
inst25x25_45_2.txt,52,1,54.441,894
inst25x25_45_2.txt,53,1,3.4049,57
inst25x25_45_2.txt,54,0,122.533,2000
inst25x25_45_2.txt,55,1,2.36784,39
inst25x25_45_2.txt,56,1,9.91454,165
inst25x25_45_2.txt,57,1,3.71615,60
inst25x25_45_2.txt,58,1,1.49201,25
inst25x25_45_2.txt,59,1,5.81974,95
inst25x25_45_2.txt,60,1,7.01518,117
inst25x25_45_2.txt,61,1,2.75274,45
inst25x25_45_2.txt,62,1,34.2296,539
inst25x25_45_2.txt,63,1,7.52719,122
inst25x25_45_2.txt,64,1,3.92708,65
inst25x25_45_2.txt,65,1,4.42097,72
inst25x25_45_2.txt,66,1,1.38774,23
inst25x25_45_2.txt,67,1,2.75153,46
inst25x25_45_2.txt,68,1,3.35278,55
inst25x25_45_2.txt,69,1,66.5018,1061
inst25x25_45_2.txt,70,1,7.56736,118
inst25x25_45_2.txt,71,1,1.02232,17
inst25x25_45_2.txt,72,1,1.68316,28
inst25x25_45_2.txt,73,1,14.1652,223
inst25x25_45_2.txt,74,1,63.1349,972
inst25x25_45_2.txt,75,1,15.8883,250
inst25x25_45_2.txt,76,1,5.44541,88
inst25x25_45_2.txt,77,1,61.1092,947
inst25x25_45_2.txt,78,1,12.2652,199
inst25x25_45_2.txt,79,0,123.972,2000
inst25x25_45_2.txt,80,1,5.00161,75
inst25x25_45_2.txt,81,1,2.97682,49
inst25x25_45_2.txt,82,1,24.366,344
inst25x25_45_2.txt,83,1,4.41737,68
inst25x25_45_2.txt,84,1,13.4789,206
inst25x25_45_2.txt,85,1,12.1255,175
